Trained Model,Test Dataset,mAP50,mAP50-95,Precision,Recall,FPS,Predictions,Ground Truth,Pole AP50,Pole Precision,Pole Recall,Pole F1,Trunk AP50,Trunk Precision,Trunk Recall,Trunk F1,Vine Row AP50,Vine Row Precision,Vine Row Recall,Vine Row F1
Aug+Mar+Jul Full Res (v1),Test: August Dataset (v6),0.500297615405182,0.16644811994897357,0.500297615405182,0.6154945200907643,11.653743717838136,1180,1401,0.6118946412515928,0.6118946412515928,0.7101449275362319,0.6573689410368317,0.4154637651978378,0.4154637651978378,0.47737909516380655,0.4442746313122945,0.47353443976611564,0.47353443976611564,0.6589595375722543,0.5510670108571957
Aug+Mar+Jul Full Res (v1),Test: July Dataset (v14),0.43526533240682985,0.18812182418162662,0.43526533240682985,0.5450837295175172,20.4284341955473,960,1287,0.7076370381725227,0.7076370381725227,0.7560975609756098,0.7310650973607293,0.19066266000741006,0.19066266000741006,0.26677577741407527,0.22238699324886818,0.40749629904055695,0.40749629904055695,0.6123778501628665,0.4893578443000762
Aug+Mar+Jul Full Res (v1),Test: March Dataset (v10),0.31670246480899955,0.09257487377334021,0.31670246480899955,0.4534455971319315,19.97950714425034,1495,2118,0.5998485897410005,0.5998485897410005,0.7293497363796133,0.6582906436124748,0.18908958693263275,0.18908958693263275,0.275,0.22409309698225258,0.16116921775336543,0.16116921775336543,0.3559870550161812,0.2218832419068387
Aug+Mar+Jul 2x2 (v2),Test: August Dataset (v6),0.5758892715242806,0.20422692773707693,0.5758892715242806,0.6720576404525561,20.063816805030488,1276,1401,0.6569823771945152,0.6569823771945152,0.7463768115942029,0.6988323671964036,0.4403501826049724,0.4403501826049724,0.5039001560062403,0.4699866479018217,0.6303352547733545,0.6303352547733545,0.7658959537572254,0.6915347804745312
Aug+Mar+Jul 2x2 (v2),Test: July Dataset (v14),0.463459135386455,0.20638577958287002,0.463459135386455,0.584037397103563,20.194114972962623,1065,1287,0.7650587113645279,0.7650587113645279,0.8075880758807588,0.7857483290687893,0.21327008302807138,0.21327008302807138,0.31260229132569556,0.2535547401885264,0.41204861176676594,0.41204861176676594,0.6319218241042345,0.4988311956363614
Aug+Mar+Jul 2x2 (v2),Test: March Dataset (v10),0.32737766169745924,0.09895713675183829,0.32737766169745924,0.4772784888198549,19.78544860221865,1458,2118,0.5822143154900634,0.5822143154900634,0.7223198594024605,0.6447434963388823,0.1905552424149261,0.1905552424149261,0.25967741935483873,0.21981032384606408,0.20936342718738823,0.20936342718738823,0.44983818770226536,0.28573857384398255
Aug+Mar+Jul 4x4 (v3),Test: August Dataset (v6),0.49730199662117763,0.16818977643618213,0.49730199662117763,0.5897390926214245,19.991027907823106,1063,1401,0.6015568903547136,0.6015568903547136,0.6811594202898551,0.6388881770739798,0.3337166204606306,0.3337166204606306,0.3712948517940718,0.3515042464170962,0.5566324790481884,0.5566324790481884,0.7167630057803468,0.626629469871676
Aug+Mar+Jul 4x4 (v3),Test: July Dataset (v14),0.40706097116061496,0.17403650344073662,0.40706097116061496,0.5041849408242293,20.166948216341513,808,1287,0.7119030241724521,0.7119030241724521,0.7479674796747967,0.7294897860596135,0.12221375172261648,0.12221375172261648,0.15220949263502456,0.1355722849663508,0.38706613758677627,0.38706613758677627,0.6123778501628665,0.4743251890282214
Aug+Mar+Jul 4x4 (v3),Test: March Dataset (v10),0.30984955180919327,0.08518552965586612,0.30984955180919327,0.44695149691893993,20.060997019859986,1211,2118,0.5584631183800765,0.5584631183800765,0.6942003514938488,0.6189775664405999,0.14577795467714996,0.14577795467714996,0.18387096774193548,0.16262351719658286,0.22530758237035334,0.22530758237035334,0.4627831715210356,0.30306629451831657
Aug+Mar+Jul 6x6 (v4),Test: August Dataset (v6),0.37340343205709725,0.1167024837443596,0.37340343205709725,0.5303448640696179,19.67887365079594,1201,1401,0.6017785298804171,0.6017785298804171,0.6932367149758454,0.6442780853033083,0.25282638455412865,0.25282638455412865,0.2995319812792512,0.2742045475165738,0.26560538173674625,0.26560538173674625,0.5982658959537572,0.3678849980976072
Aug+Mar+Jul 6x6 (v4),Test: July Dataset (v14),0.3253214196302338,0.13291433229059457,0.3253214196302338,0.4537978041745015,19.896200938686672,938,1287,0.6823447297397085,0.6823447297397085,0.7127371273712737,0.6972098734890494,0.07947939955285852,0.07947939955285852,0.09165302782324058,0.0851332237879538,0.21414012959813425,0.21414012959813425,0.5570032573289903,0.3093503795352781
Aug+Mar+Jul 6x6 (v4),Test: March Dataset (v10),0.22419171200166788,0.06270739149752191,0.22419171200166788,0.38128825639077085,19.49594988513559,1348,2118,0.47529667678432996,0.47529667678432996,0.6467486818980668,0.5479234807080702,0.1151941609645182,0.1151941609645182,0.14112903225806453,0.12684954688891464,0.08208429825615554,0.08208429825615554,0.3559870550161812,0.13340725149454283
August Full Res (v5),Test: August Dataset (v6),0.5006027871677686,0.1650358688532966,0.5006027871677686,0.6127271529664906,20.044928846274637,1207,1401,0.597304362524724,0.597304362524724,0.6956521739130435,0.6427378903591915,0.40864538571951003,0.40864538571951003,0.46333853354134164,0.4342767098691709,0.495858613259072,0.495858613259072,0.6791907514450867,0.5732228692106722
August Full Res (v5),Test: July Dataset (v14),0.2709853227043307,0.11494272772701083,0.2709853227043307,0.39181806357159515,20.624030860046787,908,1287,0.49629192583853243,0.49629192583853243,0.5853658536585366,0.5371612950768757,0.04044243497715586,0.04044243497715586,0.10474631751227496,0.058354329277608204,0.27622160729730383,0.27622160729730383,0.48534201954397393,0.35207026176762674
August Full Res (v5),Test: March Dataset (v10),0.025376181331004923,0.00978198119192834,0.025376181331004923,0.05630228733976938,21.440704838190616,411,2118,0.05544897603621908,0.05544897603621908,0.140597539543058,0.07953203940237187,0.009900990099009901,0.009900990099009901,0.0024193548387096775,0.003888528839922229,0.01077857785778578,0.01077857785778578,0.025889967637540454,0.01522051273903692
August 2x2 (v6),Test: August Dataset (v6),0.5633098156396187,0.19681841081683737,0.5633098156396187,0.6700492704860802,20.168591274091188,1238,1401,0.6453699940414378,0.6453699940414378,0.748792270531401,0.6932450769196347,0.44986591511378426,0.44986591511378426,0.5070202808112324,0.47673619617408836,0.594693537763634,0.594693537763634,0.7543352601156069,0.6650685370145195
August 2x2 (v6),Test: July Dataset (v14),0.29248501856800385,0.11999406675627083,0.29248501856800385,0.40230038334296525,20.855784691267488,800,1287,0.5148196691867337,0.5148196691867337,0.6151761517615176,0.5605415118715489,0.04951634594559611,0.04951634594559611,0.10638297872340426,0.06757818083401262,0.3131190405716818,0.3131190405716818,0.48534201954397393,0.3806568287418274
August 2x2 (v6),Test: March Dataset (v10),0.022032036496911704,0.007373472411499841,0.022032036496911704,0.06418040910742982,21.06156949256437,620,2118,0.047921052548421175,0.047921052548421175,0.15289982425307558,0.07297170124317859,0.0099009900990099,0.0099009900990099,0.0008064516129032258,0.0014914243102162564,0.008274066843304048,0.008274066843304048,0.038834951456310676,0.013641676086831566
August 4x4 (v7),Test: August Dataset (v6),0.43894641557914327,0.1468214699896325,0.43894641557914327,0.5442355445188181,20.125359157223414,1059,1401,0.5687060695510329,0.5687060695510329,0.6570048309178744,0.6096749811467039,0.2983909865883947,0.2983909865883947,0.3369734789391576,0.3165107722896995,0.44974219059800247,0.44974219059800247,0.638728323699422,0.5278288602663489
August 4x4 (v7),Test: July Dataset (v14),0.23261208979285805,0.10320881198562161,0.23261208979285805,0.3143644776214009,20.985412681669665,661,1287,0.4341351313821007,0.4341351313821007,0.48509485094850946,0.45820245400474435,0.027860083852698166,0.027860083852698166,0.07037643207855974,0.03991781020276428,0.23584105414377535,0.23584105414377535,0.38762214983713356,0.29325617243600893
August 4x4 (v7),Test: March Dataset (v10),0.016752765661987818,0.006292244462699453,0.016752765661987818,0.035632435126316454,21.19869811968873,432,2118,0.03448578950265699,0.03448578950265699,0.09314586994727592,0.05033561230634472,0.0099009900990099,0.0099009900990099,0.0008064516129032258,0.0014914243102162564,0.005871517384296568,0.005871517384296568,0.012944983818770227,0.00807872799635665
August 6x6 (v8),Test: August Dataset (v6),0.3599449725030577,0.10806640691967406,0.3599449725030577,0.519291078532086,19.54003370491375,1166,1401,0.5559967266558509,0.5559967266558509,0.6570048309178744,0.6022952453879545,0.2347522960610616,0.2347522960610616,0.2823712948517941,0.2563693127640129,0.28908589479226054,0.28908589479226054,0.6184971098265896,0.3940108827748164
August 6x6 (v8),Test: July Dataset (v14),0.1994693183867781,0.0923928547816694,0.1994693183867781,0.2922291101854954,21.004961083809356,746,1287,0.45074514201926447,0.45074514201926447,0.5230352303523035,0.4842069030659613,0.02120926378352121,0.02120926378352121,0.04746317512274959,0.029317700585989676,0.12645354935754857,0.12645354935754857,0.30618892508143325,0.1789869402015011
August 6x6 (v8),Test: March Dataset (v10),0.010574265866722627,0.0037346309577815802,0.010574265866722627,0.02584936243502296,21.20806184550146,422,2118,0.01624466750867772,0.01624466750867772,0.05975395430579965,0.02554475586138922,0.009900990099009901,0.009900990099009901,0.0016129032258064516,0.0027739251040221915,0.00557713999248026,0.00557713999248026,0.016181229773462782,0.008295197174040692
March Full Res (v9),Test: August Dataset (v6),0.0057611024260320765,0.0013250952900652527,0.0057611024260320765,0.01657283682651654,21.668630808289542,142,1401,0.007382317179086329,0.007382317179086329,0.043478260869565216,0.012621575469596852,0.0099009900990099,0.0099009900990099,0.0062402496099844,0.007655502392344498,0.0,0.0,0.0,0.0
March Full Res (v9),Test: July Dataset (v14),0.0010483401281304603,0.0002754083592854577,0.0010483401281304603,0.009596718989557598,22.00909345006772,178,1287,0.0011648223645894002,0.0011648223645894002,0.018970189701897018,0.002194873402837658,0.0019801980198019802,0.0019801980198019802,0.009819967266775777,0.0032957978577313925,0.0,0.0,0.0,0.0
March Full Res (v9),Test: March Dataset (v10),0.2799909946256199,0.08001422352256281,0.2799909946256199,0.42979084666571626,19.535377588683037,1423,2118,0.5336799488342758,0.5336799488342758,0.6994727592267135,0.6054312396427382,0.15101437653247618,0.15101437653247618,0.22096774193548388,0.1794134939583145,0.15527865851010758,0.15527865851010758,0.36893203883495146,0.21856582615284217
March 2x2 (v10),Test: August Dataset (v6),0.007930643810649722,0.0025725591308833544,0.007930643810649722,0.013016849176382515,21.76659643615239,102,1401,0.003989951233929363,0.003989951233929363,0.026570048309178744,0.006938036559014191,0.019801980198019802,0.019801980198019802,0.0124804992199688,0.015311004784688992,0.0,0.0,0.0,0.0
March 2x2 (v10),Test: July Dataset (v14),0.004672478117376954,0.0014408330043125686,0.004672478117376954,0.011063356678302189,22.196286001224674,115,1287,0.0014349261013057828,0.0014349261013057828,0.013550135501355014,0.0025950434669780717,0.012582508250825084,0.012582508250825084,0.019639934533551555,0.015338355317610824,0.0,0.0,0.0,0.0
March 2x2 (v10),Test: March Dataset (v10),0.3360684031387203,0.09695191242158449,0.3360684031387203,0.48704529068634256,19.465191391480396,1443,2118,0.6012914949982596,0.6012914949982596,0.7346221441124781,0.6613032973991565,0.18046629200494338,0.18046629200494338,0.25725806451612904,0.21212623103991837,0.2264474224129579,0.2264474224129579,0.4692556634304207,0.30548013254155276
March 4x4 (v11),Test: August Dataset (v6),0.010016791152799489,0.0021495575536558346,0.010016791152799489,0.02594954039707482,21.591995883492164,138,1401,0.02014938335938857,0.02014938335938857,0.07004830917874397,0.031296371239714016,0.0099009900990099,0.0099009900990099,0.0078003120124804995,0.008726003490401396,0.0,0.0,0.0,0.0
March 4x4 (v11),Test: July Dataset (v14),0.0035542015740035533,0.0005136502661255136,0.0035542015740035533,0.005983349522529595,22.19365760647228,112,1287,0.0007616146230007616,0.0007616146230007616,0.008130081300813009,0.001392757660167131,0.0099009900990099,0.0099009900990099,0.009819967266775777,0.009860312243221035,0.0,0.0,0.0,0.0
March 4x4 (v11),Test: March Dataset (v10),0.26343424906635754,0.06848323163987553,0.26343424906635754,0.4070876428390972,19.355763908011244,1146,2118,0.520783193398737,0.520783193398737,0.6731107205623902,0.5872293115262837,0.09946419666250268,0.09946419666250268,0.12096774193548387,0.10916711389662245,0.1700553571378329,0.1700553571378329,0.42718446601941745,0.24326913282049983
March 6x6 (v12),Test: August Dataset (v6),0.006443501493006444,0.0018279699118371217,0.006443501493006444,0.013402468465888393,21.82592202572814,81,1401,0.009429514380009428,0.009429514380009428,0.03864734299516908,0.015160128861095318,0.0099009900990099,0.0099009900990099,0.0015600624024961,0.0026954177897574125,0.0,0.0,0.0,0.0
March 6x6 (v12),Test: July Dataset (v14),0.0018335166850018336,0.0004767143381004768,0.0018335166850018336,0.0025400035778862973,22.246403051793514,54,1287,0.00055005500550055,0.00055005500550055,0.0027100271002710027,0.0009144947416552355,0.0049504950495049506,0.0049504950495049506,0.004909983633387889,0.004930156121610518,0.0,0.0,0.0,0.0
March 6x6 (v12),Test: March Dataset (v10),0.2785861304753306,0.07839656093436843,0.2785861304753306,0.43107626934602905,19.231168767794514,1468,2118,0.5749990357766659,0.5749990357766659,0.7065026362038664,0.6340035966758646,0.16372552488852507,0.16372552488852507,0.20161290322580644,0.18070466101975155,0.09703383076080083,0.09703383076080083,0.3851132686084142,0.15501084950537689
July Full Res (v13),Test: August Dataset (v6),0.19844503344876424,0.07338026279819557,0.19844503344876424,0.2541252609306852,20.55122002650263,482,1401,0.4083831977040034,0.4083831977040034,0.463768115942029,0.4343170805758458,0.012914334911752043,0.012914334911752043,0.0124804992199688,0.012693711323848311,0.17403756773053725,0.17403756773053725,0.2861271676300578,0.2164306496756691
July Full Res (v13),Test: July Dataset (v14),0.43793416564944954,0.1925012634609679,0.43793416564944954,0.5586853416207918,20.16822997226088,1044,1287,0.7366401119270702,0.7366401119270702,0.7804878048780488,0.757930320277578,0.20163019357872708,0.20163019357872708,0.29296235679214405,0.23886351166019917,0.37553219144255134,0.37553219144255134,0.6026058631921825,0.46271157595478074
July Full Res (v13),Test: March Dataset (v10),0.02931541820641257,0.00821909408285859,0.02931541820641257,0.08477940632802679,21.077696071052202,467,2118,0.05416138877059815,0.05416138877059815,0.16695957820738136,0.08179018704423086,0.0,0.0,0.0,0.0,0.03378486584863956,0.03378486584863956,0.08737864077669903,0.048728792008399725
July 2x2 (v14),Test: August Dataset (v6),0.21292903998997237,0.07371160728870155,0.21292903998997237,0.2883953156568082,19.86965535840513,603,1401,0.3948283662166997,0.3948283662166997,0.45652173913043476,0.42343973712149996,0.004455445544554456,0.004455445544554456,0.015600624024960999,0.006931341214525011,0.2395033082086631,0.2395033082086631,0.3930635838150289,0.2976445016237956
July 2x2 (v14),Test: July Dataset (v14),0.44800239846615836,0.20079191611840527,0.44800239846615836,0.5911349268291334,19.75997385466559,1162,1287,0.7619658375864743,0.7619658375864743,0.8075880758807588,0.7841139057198472,0.20075055503810924,0.20075055503810924,0.337152209492635,0.2516569820830614,0.38129080277389144,0.38129080277389144,0.6286644951140065,0.47468237558385307
July 2x2 (v14),Test: March Dataset (v10),0.033792135202891094,0.011002783749797587,0.033792135202891094,0.08847318017047275,20.514696181102195,747,2118,0.06839094521223398,0.06839094521223398,0.18453427065026362,0.0997960851849808,0.009900990099009901,0.009900990099009901,0.0064516129032258064,0.0078125,0.02308447029742941,0.02308447029742941,0.0744336569579288,0.03523983881837612
July 4x4 (v15),Test: August Dataset (v6),0.14371208034145963,0.0448034444728469,0.14371208034145963,0.20070990659011465,20.367775489264993,402,1401,0.24537535172652358,0.24537535172652358,0.2971014492753623,0.2687723142437145,0.0033003300330033,0.0033003300330033,0.0015600624024961,0.00211864406779661,0.18246055926485202,0.18246055926485202,0.30346820809248554,0.22789751373965983
July 4x4 (v15),Test: July Dataset (v14),0.36046397822962056,0.1476656813781307,0.36046397822962056,0.45342384874222014,19.27119524617833,736,1287,0.6349509145464487,0.6349509145464487,0.6612466124661247,0.6478320357450185,0.0575976095778076,0.0575976095778076,0.06710310965630115,0.06198807408936382,0.3888434105646054,0.3888434105646054,0.6319218241042345,0.4814400587900392
July 4x4 (v15),Test: March Dataset (v10),0.012959573089722795,0.0036763970579672413,0.012959573089722795,0.0390643514331811,20.62405711841435,485,2118,0.03855409664297134,0.03855409664297134,0.11072056239015818,0.057192979577423225,0.0,0.0,0.0,0.0,0.00032462262619704593,0.00032462262619704593,0.006472491909385114,0.0006182380216383308
July 6x6 (v16),Test: August Dataset (v6),0.0752934622152663,0.016757090530972078,0.0752934622152663,0.12864296817551404,20.553110961157827,458,1401,0.14736220687057877,0.14736220687057877,0.19806763285024154,0.16899341128162468,0.0,0.0,0.0,0.0,0.07851817977522013,0.07851817977522013,0.18786127167630057,0.1107482204194398
July 6x6 (v16),Test: July Dataset (v14),0.3185448408348253,0.12399761538993859,0.3185448408348253,0.45557250204395433,20.447824822018024,1000,1287,0.676381498045529,0.676381498045529,0.7181571815718157,0.6966436103973636,0.05817457895026811,0.05817457895026811,0.07201309328968904,0.06435834221403722,0.22107844550867875,0.22107844550867875,0.5765472312703583,0.31960396803247304
July 6x6 (v16),Test: March Dataset (v10),0.01178437003854568,0.0046635185261306635,0.01178437003854568,0.029784079641605194,20.836593753395977,627,2118,0.032877862590884564,0.032877862590884564,0.08611599297012303,0.047587495512281926,0.0,0.0,0.0,0.0,0.0024752475247524753,0.0024752475247524753,0.003236245954692557,0.0028050490883590466
Aug+Mar Full Res (v17),Test: August Dataset (v6),0.5486890855388725,0.18494539363467682,0.5486890855388725,0.6518049568985077,20.117224977608252,1239,1401,0.6543986086129066,0.6543986086129066,0.748792270531401,0.6984204747320827,0.43096355109880163,0.43096355109880163,0.48985959438377535,0.4585280710441153,0.5607050969049092,0.5607050969049092,0.7167630057803468,0.6292018873412796
Aug+Mar Full Res (v17),Test: July Dataset (v14),0.21941117735479462,0.07223550826912255,0.21941117735479462,0.3808294825690348,20.148550036437125,1032,1287,0.291508036701985,0.291508036701985,0.4444444444444444,0.35208557819190667,0.07092585240121889,0.07092585240121889,0.19967266775777415,0.10467133488848719,0.29579964296118,0.29579964296118,0.498371335504886,0.37125018944703414
Aug+Mar Full Res (v17),Test: March Dataset (v10),0.3112063860623986,0.09283484770814873,0.3112063860623986,0.4585954461994674,19.82858194726412,1422,2118,0.569069479489162,0.569069479489162,0.718804920913884,0.635232662549544,0.17811500729280352,0.17811500729280352,0.24274193548387096,0.2054664053952502,0.18643467140523012,0.18643467140523012,0.41423948220064727,0.2571397530043307
Aug+Mar 2x2 (v18),Test: August Dataset (v6),0.5749404574778137,0.1990610387126164,0.5749404574778137,0.679900688529845,19.739238136633457,1260,1401,0.6552122469105212,0.6552122469105212,0.7681159420289855,0.7071861235876825,0.4417727148475824,0.4417727148475824,0.5085803432137286,0.4728283179263455,0.6278364106753375,0.6278364106753375,0.7630057803468208,0.688852859871075
Aug+Mar 2x2 (v18),Test: July Dataset (v14),0.2687125632342602,0.09235328556106678,0.2687125632342602,0.41482702106378344,20.39380303198082,1003,1287,0.37203568697249284,0.37203568697249284,0.5121951219512195,0.4310070676931637,0.10591690733885169,0.10591690733885169,0.2078559738134206,0.14032737206207993,0.3281850953914361,0.3281850953914361,0.5244299674267101,0.4037228671921126
Aug+Mar 2x2 (v18),Test: March Dataset (v10),0.3231668953542642,0.09535226331256101,0.3231668953542642,0.4759407982935724,19.722602072291654,1463,2118,0.5941154045937425,0.5941154045937425,0.7328646748681898,0.6562362156910838,0.18147013555448543,0.18147013555448543,0.25806451612903225,0.2130935640426291,0.19391514591456457,0.19391514591456457,0.4368932038834951,0.26860839558408195
Aug+Mar 4x4 (v19),Test: August Dataset (v6),0.4807088591923104,0.16283468936402265,0.4807088591923104,0.5846129648151496,19.848540946774992,1084,1401,0.602339774370036,0.602339774370036,0.6956521739130435,0.6456418686249411,0.3018820720510088,0.3018820720510088,0.33853354134165364,0.3191590110602859,0.5379047311558866,0.5379047311558866,0.7196531791907514,0.6156453658207711
Aug+Mar 4x4 (v19),Test: July Dataset (v14),0.2557566428658631,0.1044869977647372,0.2557566428658631,0.36605705588732657,20.207675567334164,874,1287,0.4177771839809939,0.4177771839809939,0.4932249322493225,0.4523768267783992,0.06900061403796794,0.06900061403796794,0.14566284779050737,0.09364263349200137,0.28049213057862754,0.28049213057862754,0.4592833876221498,0.3482823444788365
Aug+Mar 4x4 (v19),Test: March Dataset (v10),0.2744154693410408,0.0748681702444897,0.2744154693410408,0.4125632799316363,19.497717155002608,1172,2118,0.5483809109118358,0.5483809109118358,0.687170474516696,0.6099805725789157,0.10611911468020403,0.10611911468020403,0.13951612903225807,0.12054726245915502,0.16874638243108245,0.16874638243108245,0.4110032362459547,0.23925952531797479
Aug+Mar 6x6 (v20),Test: August Dataset (v6),0.39361022745565083,0.1290009913792308,0.39361022745565083,0.5556272760530371,19.55790273050047,1234,1401,0.5766046859416037,0.5766046859416037,0.6859903381642513,0.6265591673407552,0.3153147620038627,0.3153147620038627,0.36817472698907955,0.3397006926542436,0.2889112344214861,0.2889112344214861,0.6127167630057804,0.3926691647904761
Aug+Mar 6x6 (v20),Test: July Dataset (v14),0.28324348199319577,0.1420995250627131,0.28324348199319577,0.43332431854699854,19.50325883868142,1219,1287,0.6086611453512973,0.6086611453512973,0.6802168021680217,0.6424526677512715,0.08426658726268574,0.08426658726268574,0.176759410801964,0.1141258911011271,0.1568027133656043,0.1568027133656043,0.44299674267100975,0.23162105455026766
Aug+Mar 6x6 (v20),Test: March Dataset (v10),0.24434806893626085,0.06526552462243698,0.24434806893626085,0.39615158146240254,19.414196370830695,1411,2118,0.5235896843903872,0.5235896843903872,0.6695957820738138,0.5876595953587764,0.13161441297836673,0.13161441297836673,0.17258064516129032,0.1493390487225003,0.07784010944002877,0.07784010944002877,0.34627831715210355,0.127107620955834
Aug+Jul Full Res (v21),Test: August Dataset (v6),0.5414755790179416,0.18393375144633417,0.5414755790179416,0.6457617970743236,20.014799195679213,1219,1401,0.6440781875556073,0.6440781875556073,0.7222222222222222,0.6809155242468405,0.41954832710913287,0.41954832710913287,0.48673946957878317,0.450653161051193,0.5608002223890847,0.5608002223890847,0.7283236994219653,0.6336770045090291
Aug+Jul Full Res (v21),Test: July Dataset (v14),0.45241047456678996,0.20313786219427135,0.45241047456678996,0.5671908664509946,20.263378647851717,1067,1287,0.7295158450115744,0.7295158450115744,0.7750677506775068,0.7516022462251613,0.20375184648553532,0.20375184648553532,0.29132569558101473,0.23979333885977633,0.42396373220326,0.42396373220326,0.6351791530944625,0.5085110386932101
Aug+Jul Full Res (v21),Test: March Dataset (v10),0.042873250414326394,0.012929617540095183,0.042873250414326394,0.10826284528258916,20.875419447410824,645,2118,0.06186717739555352,0.06186717739555352,0.17926186291739896,0.09198747242533926,0.030638063806380636,0.030638063806380636,0.03225806451612903,0.031427201173583094,0.03611451004104504,0.03611451004104504,0.11326860841423948,0.0547671027116189
Aug+Jul 2x2 (v22),Test: August Dataset (v6),0.5428640470862359,0.19340194889078957,0.5428640470862359,0.6554886880627832,19.948227576962513,1216,1401,0.6586971550585864,0.6586971550585864,0.748792270531401,0.7008611636597464,0.40698660604911985,0.40698660604911985,0.46333853354134164,0.4333382287601189,0.5629083801510014,0.5629083801510014,0.7543352601156069,0.6447123772433135
Aug+Jul 2x2 (v22),Test: July Dataset (v14),0.4356682170377503,0.202045141143792,0.4356682170377503,0.551183877807598,20.022349231730722,968,1287,0.7580647316457376,0.7580647316457376,0.7940379403794038,0.7756344590333862,0.1739663030845779,0.1739663030845779,0.24713584288052373,0.2041942049337304,0.37497361638293525,0.37497361638293525,0.6123778501628665,0.4651343414148366
Aug+Jul 2x2 (v22),Test: March Dataset (v10),0.027685728296734095,0.007609743791127056,0.027685728296734095,0.0867737749285946,20.719655932417943,693,2118,0.056299429780210554,0.056299429780210554,0.19156414762741653,0.08702329233325878,0.009900990099009901,0.009900990099009901,0.004032258064516129,0.0057306590257879654,0.01685676501098182,0.01685676501098182,0.06472491909385113,0.026747492736674806
Aug+Jul 4x4 (v23),Test: August Dataset (v6),0.3955158708214102,0.12336358999687318,0.3955158708214102,0.4907339266400233,19.957286257635563,914,1401,0.511807105149533,0.511807105149533,0.6038647342995169,0.5540379359514018,0.23249331561550254,0.23249331561550254,0.25273010920436817,0.24218971318874116,0.442247191699195,0.442247191699195,0.615606936416185,0.5147220804547609
Aug+Jul 4x4 (v23),Test: July Dataset (v14),0.3520431567222842,0.14476215929992403,0.3520431567222842,0.44238006848704475,19.776878514421668,711,1287,0.6161975274853322,0.6161975274853322,0.6558265582655827,0.6353947353503193,0.05508503423871799,0.05508503423871799,0.062193126022913256,0.05842367357643316,0.38484690844280245,0.38484690844280245,0.6091205211726385,0.47168175225430325
Aug+Jul 4x4 (v23),Test: March Dataset (v10),0.014306988140128093,0.005410751085074981,0.014306988140128093,0.04375093608461636,20.70442369133548,576,2118,0.042722944618404084,0.042722944618404084,0.12478031634446397,0.06365228371086153,0.0,0.0,0.0,0.0,0.00019801980198019803,0.00019801980198019803,0.006472491909385114,0.0003842828321644731
Aug+Jul 6x6 (v24),Test: August Dataset (v6),0.3543811372107717,0.11162104412714212,0.3543811372107717,0.5210184040546956,19.823645941504296,1228,1401,0.5749958712365324,0.5749958712365324,0.6714975845410628,0.6195112166321819,0.24880650047464237,0.24880650047464237,0.29329173166926675,0.2692238603552804,0.23934103992114025,0.23934103992114025,0.5982658959537572,0.3419016141201374
Aug+Jul 6x6 (v24),Test: July Dataset (v14),0.3238312410493211,0.12900590584379057,0.3238312410493211,0.45994759422831955,19.659944088875665,960,1287,0.6848692864314301,0.6848692864314301,0.7181571815718157,0.7011183433890266,0.0726539927704193,0.0726539927704193,0.09165302782324058,0.08105506869757835,0.21397044394611386,0.21397044394611386,0.5700325732899023,0.3111470749196574
Aug+Jul 6x6 (v24),Test: March Dataset (v10),0.016228983930092093,0.007172358561932204,0.016228983930092093,0.041656710304034165,20.72477307231245,707,2118,0.037670740279015257,0.037670740279015257,0.09666080843585237,0.05421338836010351,0.009900990099009901,0.009900990099009901,0.0024193548387096775,0.003888528839922229,0.0011152214122511152,0.0011152214122511152,0.025889967637540454,0.0021383332083799193
Mar+Jul Full Res (v25),Test: August Dataset (v6),0.2287570942657897,0.07860293698733603,0.2287570942657897,0.3212856837972941,19.87345904262347,664,1401,0.4418018159237912,0.4418018159237912,0.5,0.4691027437555301,0.01511182832454261,0.01511182832454261,0.0390015600624025,0.021783329324635434,0.22935763854903532,0.22935763854903532,0.42485549132947975,0.29789635140467013
Mar+Jul Full Res (v25),Test: July Dataset (v14),0.4237887232088992,0.1923431438756632,0.4237887232088992,0.5214087498443698,20.713378682946892,869,1287,0.7246260263304283,0.7246260263304283,0.7669376693766937,0.7451817142010636,0.1253893580974699,0.1253893580974699,0.1783960720130933,0.14726821459930162,0.4213507851987994,0.4213507851987994,0.6188925081433225,0.5013651055072543
Mar+Jul Full Res (v25),Test: March Dataset (v10),0.31891988407217836,0.09647424085941703,0.31891988407217836,0.45090944461904775,19.97518964356246,1228,2118,0.6190053034070113,0.6190053034070113,0.7416520210896309,0.6748011068941893,0.13436754314042362,0.13436754314042362,0.1774193548387097,0.1529211327977735,0.20338680566910006,0.20338680566910006,0.4336569579288026,0.2769043775930902
Mar+Jul 2x2 (v26),Test: August Dataset (v6),0.26421849366420846,0.08842613316866156,0.26421849366420846,0.3650082430651949,20.09694233987522,774,1401,0.46928539805941777,0.46928539805941777,0.5410628019323671,0.5026244860574589,0.02906954653206076,0.02906954653206076,0.0655226209048362,0.0402721055856207,0.2943005364011469,0.2943005364011469,0.4884393063583815,0.3672943218372435
Mar+Jul 2x2 (v26),Test: July Dataset (v14),0.4414506595675969,0.20147469274849453,0.4414506595675969,0.5648298005305995,20.072953430299364,1057,1287,0.7428550366894421,0.7428550366894421,0.7859078590785907,0.7637752238839434,0.19059418888731475,0.19059418888731475,0.2896890343698854,0.22991869739206022,0.3909027531260342,0.3909027531260342,0.6188925081433225,0.4791600725441883
Mar+Jul 2x2 (v26),Test: March Dataset (v10),0.332265431009439,0.09778543245861351,0.332265431009439,0.48389846240858475,19.738704823738413,1499,2118,0.6061498813193354,0.6061498813193354,0.7381370826010545,0.6656639795288923,0.18074230435094948,0.18074230435094948,0.26048387096774195,0.21340735304726435,0.20990410735803222,0.20990410735803222,0.45307443365695793,0.2868937037325902
Mar+Jul 4x4 (v27),Test: August Dataset (v6),0.24381695353753297,0.07745527058252244,0.24381695353753297,0.3211366521176722,19.762167956240383,606,1401,0.37943256360368666,0.37943256360368666,0.4420289855072464,0.40834581080435167,0.007013201320132012,0.007013201320132012,0.015600624024960999,0.009676409482881293,0.34500509568878024,0.34500509568878024,0.5057803468208093,0.4102016518705324
Mar+Jul 4x4 (v27),Test: July Dataset (v14),0.39927949803737267,0.1715212329640331,0.39927949803737267,0.49420552563782066,19.89353734101616,799,1287,0.686776273324153,0.686776273324153,0.7181571815718157,0.7021162619511965,0.10042588864893996,0.10042588864893996,0.1260229132569558,0.11177769939553435,0.4106363321390249,0.4106363321390249,0.6384364820846905,0.4998036585305941
Mar+Jul 4x4 (v27),Test: March Dataset (v10),0.2802660555302249,0.07725089776619118,0.2802660555302249,0.42861734285841663,19.47541513182082,1158,2118,0.5349307325383358,0.5349307325383358,0.6818980667838312,0.5995391177203293,0.09402223645797252,0.09402223645797252,0.1282258064516129,0.10849208781660587,0.21184519759436635,0.21184519759436635,0.47572815533980584,0.29314901352441813
Mar+Jul 6x6 (v28),Test: August Dataset (v6),0.04626881948875302,0.012512364754343861,0.04626881948875302,0.08895776902813847,21.150734707476744,313,1401,0.10952439781793306,0.10952439781793306,0.17149758454106281,0.13367758291659276,0.0,0.0,0.0,0.0,0.029282060648326023,0.029282060648326023,0.0953757225433526,0.04480743392649704
Mar+Jul 6x6 (v28),Test: July Dataset (v14),0.1364581466151605,0.055173923184409224,0.1364581466151605,0.2005115596274323,20.949292631571993,436,1287,0.30957128285102187,0.30957128285102187,0.3685636856368564,0.33650154696879303,0.019801980198019802,0.019801980198019802,0.014729950900163666,0.01689347724073205,0.08000117679643967,0.08000117679643967,0.2182410423452769,0.11708295534514834
Mar+Jul 6x6 (v28),Test: March Dataset (v10),0.15035178705943095,0.04041282235973697,0.15035178705943095,0.2198850731190257,20.653705573249066,805,2118,0.4064644389839013,0.4064644389839013,0.5448154657293497,0.465579292761756,0.019094766619519095,0.019094766619519095,0.014516129032258065,0.016493585827733658,0.02549615557487253,0.02549615557487253,0.10032362459546926,0.0406592149033834
