Trained Model,Test Dataset,mAP50,mAP50-95,Precision,Recall,FPS,Predictions,Ground Truth
vineyard_object_detection_paper-42,Test: Dataset (v58),0.47858894744196023,0.24405206623339912,0.47858894744196023,0.5660377358490566,6.390063089654016,327,318
vineyard_object_detection_paper-42,Test: Dataset (v58_aug),0.27345918376420414,0.0883317001830551,0.27345918376420414,0.39285714285714285,6.905569379724269,953,980
vineyard_object_detection_paper-42,Test: Dataset (v59),0.5574201975587447,0.265836820487196,0.5574201975587447,0.5996649916247906,8.332807756061907,509,597
vineyard_object_detection_paper-42,Test: Dataset (v59_aug),0.32680170485303434,0.11106584623877638,0.32680170485303434,0.4184357541899441,8.365114441170771,1445,1790
vineyard_object_detection_paper-42,Test: Dataset (v60),0.31272330353075334,0.12199674365328242,0.31272330353075334,0.345679012345679,6.829668726997946,176,405
vineyard_object_detection_paper-42,Test: Dataset (v60_aug),0.23189299898234136,0.0702509353063071,0.23189299898234136,0.29343308395677475,7.889558698275784,567,1203
vineyard_object_detection_paper-42,Test: Dataset (v61),0.5112265832510207,0.2601813423586001,0.5112265832510207,0.5927051671732523,25.290914404774945,321,329
vineyard_object_detection_paper-42,Test: Dataset (v61_aug),0.2782317495204688,0.09358707298403546,0.2782317495204688,0.4035250463821892,25.61243680630161,964,1078
vineyard_object_detection_paper-42,Test: Dataset (v62),0.0014851485148514852,0.00044554455445544556,0.0014851485148514852,0.007874015748031496,18.4986234528417,40,381
vineyard_object_detection_paper-42,Test: Dataset (v62_aug),0.000825082508250825,0.00037325161087537324,0.000825082508250825,0.003465003465003465,18.303478001080098,84,1443
vineyard_object_detection_paper-42,Test: Dataset (v63),0.0033946251768033945,0.0009170202734559169,0.0033946251768033945,0.013544018058690745,38.81292121713146,48,443
vineyard_object_detection_paper-42,Test: Dataset (v63_aug),0.0010703773080010704,0.0003404128430030864,0.0010703773080010704,0.005411255411255411,38.79843037264135,109,1848
vineyard_object_detection_paper-42,Test: Dataset (v64),0.4481536364984183,0.20190640646351257,0.4481536364984183,0.5033222591362126,21.53796589771069,488,602
vineyard_object_detection_paper-42,Test: Dataset (v64_aug),0.26656061207614967,0.08896069236893991,0.26656061207614967,0.3664727657324167,21.660295263263723,1522,1891
vineyard_object_detection_paper-42,Test: Dataset (v65),0.34656392420719156,0.15975748146588709,0.34656392420719156,0.40298507462686567,45.02264910816894,455,670
vineyard_object_detection_paper-42,Test: Dataset (v65_aug),0.2057948825417941,0.06859722713005045,0.2057948825417941,0.28659070990359337,45.0211765699836,1332,2282
vineyard_object_detection_paper-42,Test: Dataset (v66),0.0026402640264026403,0.0007269298358407268,0.0026402640264026403,0.0078125,19.566616508934295,30,768
vineyard_object_detection_paper-42,Test: Dataset (v66_aug),0.0006188118811881188,0.00015288293535235876,0.0006188118811881188,0.0006805035726437564,19.387534487492776,34,2939
vineyard_object_detection_paper-42,Test: Dataset (v67),0.32398491352303577,0.14596981053356348,0.32398491352303577,0.36018957345971564,18.554525552391024,231,422
vineyard_object_detection_paper-42,Test: Dataset (v67_aug),0.22962728478438443,0.06016751912259267,0.22962728478438443,0.30385852090032156,20.856541939725005,735,1244
vineyard_object_detection_paper-42,Test: Dataset (v68),0.2392800073995072,0.10580499221375529,0.2392800073995072,0.2727272727272727,32.64337710718974,194,440
vineyard_object_detection_paper-42,Test: Dataset (v68_aug),0.20925980327353025,0.0759971853685775,0.20925980327353025,0.2512455516014235,33.866577611780635,633,1405
vineyard_object_detection_paper-42,Test: Dataset (v69),0.1930349340936457,0.08580306674468975,0.1930349340936457,0.22972972972972974,51.01409414584546,204,518
vineyard_object_detection_paper-42,Test: Dataset (v69_aug),0.14995860925990434,0.05835236318816063,0.14995860925990434,0.18972562755399883,52.262527333851686,599,1713
vineyard_object_detection_paper-46,Test: Dataset (v58),0.5406027703339122,0.2534686973052131,0.5406027703339122,0.6572327044025157,7.255489531788744,365,318
vineyard_object_detection_paper-46,Test: Dataset (v58_aug),0.4074372547510568,0.16024310717343118,0.4074372547510568,0.5040816326530613,7.127015572181287,925,980
vineyard_object_detection_paper-46,Test: Dataset (v59),0.5273138866676841,0.22440684851951775,0.5273138866676841,0.5812395309882747,8.620030229640655,494,597
vineyard_object_detection_paper-46,Test: Dataset (v59_aug),0.46613771890814004,0.17725309411738704,0.46613771890814004,0.5167597765363129,8.703739135506684,1294,1790
vineyard_object_detection_paper-46,Test: Dataset (v60),0.17499131748586708,0.0783056180212976,0.17499131748586708,0.21481481481481482,7.158636796685897,132,405
vineyard_object_detection_paper-46,Test: Dataset (v60_aug),0.17324852385036915,0.06384877432055212,0.17324852385036915,0.2028262676641729,8.150506000355136,353,1203
vineyard_object_detection_paper-46,Test: Dataset (v61),0.5297474338416,0.23618944725653163,0.5297474338416,0.6170212765957447,26.14239682532926,366,329
vineyard_object_detection_paper-46,Test: Dataset (v61_aug),0.39357149574858374,0.14975104106519088,0.39357149574858374,0.48794063079777367,25.757154234011335,946,1078
vineyard_object_detection_paper-46,Test: Dataset (v62),0.01386138613861386,0.00517051705170517,0.01386138613861386,0.013123359580052493,18.442579463656386,22,381
vineyard_object_detection_paper-46,Test: Dataset (v62_aug),0.009900990099009901,0.0034103410341034097,0.009900990099009901,0.006237006237006237,18.280848728292224,52,1443
vineyard_object_detection_paper-46,Test: Dataset (v63),0.012376237623762377,0.0024257425742574257,0.012376237623762377,0.013544018058690745,38.679887062943955,25,443
vineyard_object_detection_paper-46,Test: Dataset (v63_aug),0.0049504950495049506,0.0027357998957790513,0.0049504950495049506,0.004329004329004329,38.544153840889486,61,1848
vineyard_object_detection_paper-46,Test: Dataset (v64),0.5942085269366738,0.24997513161901433,0.5942085269366738,0.6395348837209303,21.209425613980756,536,602
vineyard_object_detection_paper-46,Test: Dataset (v64_aug),0.413553732880697,0.1434214171286681,0.413553732880697,0.4923320994182972,21.546117598155025,1445,1891
vineyard_object_detection_paper-46,Test: Dataset (v65),0.4765100838684711,0.19120485825968164,0.4765100838684711,0.5283582089552239,44.52625110511689,515,670
vineyard_object_detection_paper-46,Test: Dataset (v65_aug),0.2974066808872273,0.1062690659475968,0.2974066808872273,0.3654688869412796,44.95047315678355,1391,2282
vineyard_object_detection_paper-46,Test: Dataset (v66),0.0099009900990099,0.0016501650165016498,0.0099009900990099,0.0026041666666666665,19.383159925678974,6,768
vineyard_object_detection_paper-46,Test: Dataset (v66_aug),0.009900990099009901,0.00396039603960396,0.009900990099009901,0.0013610071452875127,19.346568352939745,8,2939
vineyard_object_detection_paper-46,Test: Dataset (v67),0.3862928123486378,0.15791550106714705,0.3862928123486378,0.4265402843601896,18.921105969911576,261,422
vineyard_object_detection_paper-46,Test: Dataset (v67_aug),0.27652142768426485,0.09532089655476292,0.27652142768426485,0.33360128617363344,20.784630949362786,638,1244
vineyard_object_detection_paper-46,Test: Dataset (v68),0.1852870313587224,0.07327869910619077,0.1852870313587224,0.22727272727272727,32.14519110785703,172,440
vineyard_object_detection_paper-46,Test: Dataset (v68_aug),0.13801390415979808,0.05036067914048174,0.13801390415979808,0.17793594306049823,33.33914962737119,452,1405
vineyard_object_detection_paper-46,Test: Dataset (v69),0.14616502678924992,0.06724222742869583,0.14616502678924992,0.19884169884169883,50.44681246766229,181,518
vineyard_object_detection_paper-46,Test: Dataset (v69_aug),0.11318528114023987,0.04681399102839766,0.11318528114023987,0.14711033274956217,51.828262008989434,486,1713
vineyard_object_detection_paper-50,Test: Dataset (v58),0.5798970749915004,0.2926343405866687,0.5798970749915004,0.6761006289308176,7.309425208170096,374,318
vineyard_object_detection_paper-50,Test: Dataset (v58_aug),0.3908790312634735,0.14866440758115188,0.3908790312634735,0.5316326530612245,6.820702414981014,1190,980
vineyard_object_detection_paper-50,Test: Dataset (v59),0.5521906960280225,0.2355221012424517,0.5521906960280225,0.6030150753768844,8.647894184806791,471,597
vineyard_object_detection_paper-50,Test: Dataset (v59_aug),0.3609713390747044,0.11076364050663907,0.3609713390747044,0.4871508379888268,8.290079601668403,1533,1790
vineyard_object_detection_paper-50,Test: Dataset (v60),0.21794909860379055,0.06880445795053099,0.21794909860379055,0.254320987654321,6.873919643137117,143,405
vineyard_object_detection_paper-50,Test: Dataset (v60_aug),0.2193245064307063,0.05698008933946767,0.2193245064307063,0.27597672485453034,7.900213963793331,515,1203
vineyard_object_detection_paper-50,Test: Dataset (v61),0.5293215286202712,0.2775639960315132,0.5293215286202712,0.6139817629179332,25.24667401042825,358,329
vineyard_object_detection_paper-50,Test: Dataset (v61_aug),0.28247412326823884,0.08678636448013219,0.28247412326823884,0.4137291280148423,24.65924551080153,1090,1078
vineyard_object_detection_paper-50,Test: Dataset (v62),0.01026630177249224,0.004053761208366789,0.01026630177249224,0.047244094488188976,18.321990133788464,111,381
vineyard_object_detection_paper-50,Test: Dataset (v62_aug),0.0028082808280828083,0.0007380738073807382,0.0028082808280828083,0.01593901593901594,18.27357624080206,281,1443
vineyard_object_detection_paper-50,Test: Dataset (v63),0.017919275505768092,0.009307440774535455,0.017919275505768092,0.04740406320541761,38.541606886576716,119,443
vineyard_object_detection_paper-50,Test: Dataset (v63_aug),0.01097136740701097,0.006177032332948893,0.01097136740701097,0.012445887445887446,38.189680179434546,268,1848
vineyard_object_detection_paper-50,Test: Dataset (v64),0.5391752935355303,0.23754807495597924,0.5391752935355303,0.6112956810631229,21.42033739273073,616,602
vineyard_object_detection_paper-50,Test: Dataset (v64_aug),0.3418999793765768,0.11374345072259473,0.3418999793765768,0.46483342147012163,21.435753302551458,1793,1891
vineyard_object_detection_paper-50,Test: Dataset (v65),0.45417739154394754,0.20564226327082938,0.45417739154394754,0.5298507462686567,45.016541658993056,604,670
vineyard_object_detection_paper-50,Test: Dataset (v65_aug),0.27028875861007773,0.09070546854120928,0.27028875861007773,0.34925503943908853,44.95999851543473,1667,2282
vineyard_object_detection_paper-50,Test: Dataset (v66),0.0147014701470147,0.006975928362066975,0.0147014701470147,0.026041666666666668,19.293000834952043,85,768
vineyard_object_detection_paper-50,Test: Dataset (v66_aug),0.012563441218071385,0.0023195494684934647,0.012563441218071385,0.012929567880231372,19.34641837199719,190,2939
vineyard_object_detection_paper-50,Test: Dataset (v67),0.37578398964189347,0.13813141055374323,0.37578398964189347,0.4312796208530806,18.873471038288905,273,422
vineyard_object_detection_paper-50,Test: Dataset (v67_aug),0.2420440620032908,0.06670620370056601,0.2420440620032908,0.3319935691318328,20.724847681680714,769,1244
vineyard_object_detection_paper-50,Test: Dataset (v68),0.2919181894096356,0.14057653627508543,0.2919181894096356,0.32272727272727275,32.130545457679304,220,440
vineyard_object_detection_paper-50,Test: Dataset (v68_aug),0.20568198236670004,0.08538989021411644,0.20568198236670004,0.2526690391459075,33.40248446928793,654,1405
vineyard_object_detection_paper-50,Test: Dataset (v69),0.21832490744594932,0.10535052609522375,0.21832490744594932,0.25096525096525096,50.81819609017958,214,518
vineyard_object_detection_paper-50,Test: Dataset (v69_aug),0.1532354947567395,0.06128937825330534,0.1532354947567395,0.18447168709865733,52.06153519399088,596,1713
vineyard_object_detection_paper-54,Test: Dataset (v58),0.5730026036128004,0.29510673709727614,0.5730026036128004,0.6761006289308176,7.364903638851995,362,318
vineyard_object_detection_paper-54,Test: Dataset (v58_aug),0.3886272485830466,0.142125276145181,0.3886272485830466,0.5071428571428571,7.1802315397059475,938,980
vineyard_object_detection_paper-54,Test: Dataset (v59),0.6810415422677668,0.2989615109046364,0.6810415422677668,0.7303182579564489,8.683450355139225,578,597
vineyard_object_detection_paper-54,Test: Dataset (v59_aug),0.46790878194607377,0.17708687470827145,0.46790878194607377,0.5581005586592179,8.826215963304762,1534,1790
vineyard_object_detection_paper-54,Test: Dataset (v60),0.3790559006564728,0.15275331133743053,0.3790559006564728,0.4271604938271605,7.204525089477472,234,405
vineyard_object_detection_paper-54,Test: Dataset (v60_aug),0.33040127396276686,0.12274142369155701,0.33040127396276686,0.36076475477971737,8.309377531280736,572,1203
vineyard_object_detection_paper-54,Test: Dataset (v61),0.5678205498035258,0.2884685729115814,0.5678205498035258,0.6595744680851063,26.192074849615604,369,329
vineyard_object_detection_paper-54,Test: Dataset (v61_aug),0.39508598560905206,0.1468013585158531,0.39508598560905206,0.5055658627087198,25.620906604968496,991,1078
vineyard_object_detection_paper-54,Test: Dataset (v62),0.0039603960396039604,0.0021782178217821784,0.0039603960396039604,0.007874015748031496,18.438137477424878,24,381
vineyard_object_detection_paper-54,Test: Dataset (v62_aug),0.0018959342742784916,0.0006247703220378724,0.0018959342742784916,0.007623007623007623,18.296889075881417,67,1443
vineyard_object_detection_paper-54,Test: Dataset (v63),0.010608203677510608,0.003972342935651031,0.010608203677510608,0.01580135440180587,38.42453190652867,30,443
vineyard_object_detection_paper-54,Test: Dataset (v63_aug),0.0013201320132013201,0.0006303630363036305,0.0013201320132013201,0.00487012987012987,38.1662446959643,75,1848
vineyard_object_detection_paper-54,Test: Dataset (v64),0.5508680620123241,0.22701831694047517,0.5508680620123241,0.6129568106312292,21.40096751980107,561,602
vineyard_object_detection_paper-54,Test: Dataset (v64_aug),0.3688910045127909,0.12441362416274061,0.3688910045127909,0.4711792702273929,21.531350747015694,1596,1891
vineyard_object_detection_paper-54,Test: Dataset (v65),0.4152121530425621,0.1716807979760033,0.4152121530425621,0.47313432835820896,45.25794543927998,503,670
vineyard_object_detection_paper-54,Test: Dataset (v65_aug),0.30850236709529905,0.10585960730126687,0.30850236709529905,0.3834355828220859,45.40371876765079,1495,2282
vineyard_object_detection_paper-54,Test: Dataset (v66),0.0099009900990099,0.005940594059405939,0.0099009900990099,0.00390625,19.3868813945225,17,768
vineyard_object_detection_paper-54,Test: Dataset (v66_aug),0.0049504950495049506,0.0011138613861386138,0.0049504950495049506,0.0013610071452875127,19.345260315958893,23,2939
vineyard_object_detection_paper-54,Test: Dataset (v67),0.4220564485027725,0.17463401227479608,0.4220564485027725,0.48104265402843605,18.902786449147648,306,422
vineyard_object_detection_paper-54,Test: Dataset (v67_aug),0.32576644210081707,0.0970739079747499,0.32576644210081707,0.39147909967845657,20.839620829862593,772,1244
vineyard_object_detection_paper-54,Test: Dataset (v68),0.2779795570584922,0.12343214097422421,0.2779795570584922,0.3090909090909091,32.30771289775964,181,440
vineyard_object_detection_paper-54,Test: Dataset (v68_aug),0.2315686008419362,0.0883749648648936,0.2315686008419362,0.2669039145907473,33.67789253464035,551,1405
vineyard_object_detection_paper-54,Test: Dataset (v69),0.2411802311805852,0.10129286512720445,0.2411802311805852,0.27606177606177607,51.61685374737346,193,518
vineyard_object_detection_paper-54,Test: Dataset (v69_aug),0.1960036282442373,0.07239347057699032,0.1960036282442373,0.22475189725627553,53.39222689226679,554,1713
vineyard_object_detection_paper-56,Test: Dataset (v58),0.3378194295568229,0.14449360396642424,0.3378194295568229,0.39622641509433965,7.363882132470301,193,318
vineyard_object_detection_paper-56,Test: Dataset (v58_aug),0.34420115324359873,0.14285049447378348,0.34420115324359873,0.37142857142857144,7.242190041972745,468,980
vineyard_object_detection_paper-56,Test: Dataset (v59),0.0,0.0,0.0,0.0,8.896455565352058,0,597
vineyard_object_detection_paper-56,Test: Dataset (v59_aug),0.0066006600660066,0.0034653465346534654,0.0066006600660066,0.0011173184357541898,9.029557027236804,3,1790
vineyard_object_detection_paper-56,Test: Dataset (v60),0.0,0.0,0.0,0.0,6.902485405828716,0,405
vineyard_object_detection_paper-56,Test: Dataset (v60_aug),0.0,0.0,0.0,0.0,8.105841309927204,0,1203
vineyard_object_detection_paper-56,Test: Dataset (v61),0.2542502762972976,0.10310392079341871,0.2542502762972976,0.2887537993920973,26.79359919429023,138,329
vineyard_object_detection_paper-56,Test: Dataset (v61_aug),0.2541823519087987,0.10379918554013175,0.2541823519087987,0.2894248608534323,26.205771270435346,399,1078
vineyard_object_detection_paper-56,Test: Dataset (v62),0.476669473368584,0.2279624644010688,0.476669473368584,0.5406824146981627,18.39645085188935,286,381
vineyard_object_detection_paper-56,Test: Dataset (v62_aug),0.32109382241660284,0.13867894979360681,0.32109382241660284,0.3839223839223839,18.278201310027583,806,1443
vineyard_object_detection_paper-56,Test: Dataset (v63),0.4438334168197216,0.2104713164662792,0.4438334168197216,0.5079006772009029,38.61977536199906,304,443
vineyard_object_detection_paper-56,Test: Dataset (v63_aug),0.2505804875426103,0.10134094009653241,0.2505804875426103,0.29924242424242425,38.48975228929161,809,1848
vineyard_object_detection_paper-56,Test: Dataset (v64),0.5494406725040152,0.26033526832279014,0.5494406725040152,0.5697674418604651,21.620652184215345,385,602
vineyard_object_detection_paper-56,Test: Dataset (v64_aug),0.48860533983166743,0.21098863970621395,0.48860533983166743,0.518244315177155,21.71083280302118,1101,1891
vineyard_object_detection_paper-56,Test: Dataset (v65),0.5943406210134097,0.2820325039198721,0.5943406210134097,0.6119402985074627,45.89246099540242,473,670
vineyard_object_detection_paper-56,Test: Dataset (v65_aug),0.44666526033660203,0.18817674373725896,0.44666526033660203,0.4750219106047327,45.9640024411326,1260,2282
vineyard_object_detection_paper-56,Test: Dataset (v66),0.3176505775469372,0.11239397269109808,0.3176505775469372,0.3684895833333333,19.302508456305514,392,768
vineyard_object_detection_paper-56,Test: Dataset (v66_aug),0.22242157334332624,0.08967118410737629,0.22242157334332624,0.23001020755358967,19.323651095323456,853,2939
vineyard_object_detection_paper-56,Test: Dataset (v67),0.0478976469075479,0.02270183453551016,0.0478976469075479,0.04739336492890995,19.16453000386324,22,422
vineyard_object_detection_paper-56,Test: Dataset (v67_aug),0.038312526904864405,0.017330242341004286,0.038312526904864405,0.03536977491961415,21.07839272069209,46,1244
vineyard_object_detection_paper-56,Test: Dataset (v68),0.4009948291764323,0.18240273212598296,0.4009948291764323,0.41818181818181815,32.2307742650465,207,440
vineyard_object_detection_paper-56,Test: Dataset (v68_aug),0.2871239421605551,0.11629771241904491,0.2871239421605551,0.3081850533807829,33.70141924218393,504,1405
vineyard_object_detection_paper-56,Test: Dataset (v69),0.2575362755894878,0.1215147350318994,0.2575362755894878,0.2625482625482625,52.11065120547476,157,518
vineyard_object_detection_paper-56,Test: Dataset (v69_aug),0.19843243489717224,0.08151794012260151,0.19843243489717224,0.2031523642732049,53.25274696388635,393,1713
vineyard_object_detection_paper-57,Test: Dataset (v58),0.34641608263212637,0.1535996158346486,0.34641608263212637,0.4056603773584906,7.084447009990441,184,318
vineyard_object_detection_paper-57,Test: Dataset (v58_aug),0.33262686228531163,0.14005145346820047,0.33262686228531163,0.363265306122449,6.973205746360838,467,980
vineyard_object_detection_paper-57,Test: Dataset (v59),0.026305571733643954,0.010389531600218844,0.026305571733643954,0.023450586264656615,8.483962815878517,17,597
vineyard_object_detection_paper-57,Test: Dataset (v59_aug),0.0176017601760176,0.00866886688668867,0.0176017601760176,0.011731843575418994,8.54805196393258,27,1790
vineyard_object_detection_paper-57,Test: Dataset (v60),0.0,0.0,0.0,0.0,7.020294556502636,0,405
vineyard_object_detection_paper-57,Test: Dataset (v60_aug),0.0,0.0,0.0,0.0,8.079301459254173,0,1203
vineyard_object_detection_paper-57,Test: Dataset (v61),0.2599263963648891,0.11184331138336968,0.2599263963648891,0.2948328267477204,26.643627416139,134,329
vineyard_object_detection_paper-57,Test: Dataset (v61_aug),0.24730328709451185,0.09828370049817438,0.24730328709451185,0.2606679035250464,26.100616629691803,357,1078
vineyard_object_detection_paper-57,Test: Dataset (v62),0.5083027126635192,0.23755567063838748,0.5083027126635192,0.5669291338582677,18.36848245084303,292,381
vineyard_object_detection_paper-57,Test: Dataset (v62_aug),0.32443271838200677,0.13240856461298042,0.32443271838200677,0.3756063756063756,18.279761777201177,787,1443
vineyard_object_detection_paper-57,Test: Dataset (v63),0.47829111714403233,0.22035004452715914,0.47829111714403233,0.5395033860045146,38.48836599049878,313,443
vineyard_object_detection_paper-57,Test: Dataset (v63_aug),0.2535541994783157,0.10096829413146553,0.2535541994783157,0.29978354978354976,38.31407908240383,794,1848
vineyard_object_detection_paper-57,Test: Dataset (v64),0.6133250728347771,0.29925985119825643,0.6133250728347771,0.632890365448505,21.53027045344599,420,602
vineyard_object_detection_paper-57,Test: Dataset (v64_aug),0.4880411242569446,0.210923228765508,0.4880411242569446,0.514013749338974,21.584077273454913,1106,1891
vineyard_object_detection_paper-57,Test: Dataset (v65),0.6139530023159707,0.3129519805380892,0.6139530023159707,0.6388059701492538,44.66683628418432,489,670
vineyard_object_detection_paper-57,Test: Dataset (v65_aug),0.4371478825341252,0.1939373604179447,0.4371478825341252,0.4645048203330412,44.86236138760767,1257,2282
vineyard_object_detection_paper-57,Test: Dataset (v66),0.36102266862543253,0.13115005752505224,0.36102266862543253,0.4049479166666667,19.27174754902798,434,768
vineyard_object_detection_paper-57,Test: Dataset (v66_aug),0.21587552037939844,0.08335740253882545,0.21587552037939844,0.2354542361347397,19.349013874105697,856,2939
vineyard_object_detection_paper-57,Test: Dataset (v67),0.11114614717909152,0.05030748753676708,0.11114614717909152,0.11374407582938388,19.091096330146126,57,422
vineyard_object_detection_paper-57,Test: Dataset (v67_aug),0.1114299055058034,0.04272649895703949,0.1114299055058034,0.11334405144694534,21.024502915374683,158,1244
vineyard_object_detection_paper-57,Test: Dataset (v68),0.40959919098103453,0.18388023974803192,0.40959919098103453,0.42954545454545456,32.14941059533994,206,440
vineyard_object_detection_paper-57,Test: Dataset (v68_aug),0.2796986903300834,0.11867286223852605,0.2796986903300834,0.296085409252669,33.441901117469754,475,1405
vineyard_object_detection_paper-57,Test: Dataset (v69),0.2943653215152169,0.1395031035130423,0.2943653215152169,0.3030888030888031,49.08524811039848,172,518
vineyard_object_detection_paper-57,Test: Dataset (v69_aug),0.1867308299835013,0.07959529401199404,0.1867308299835013,0.1978984238178634,50.3274935586058,397,1713
vineyard_object_detection_paper-58,Test: Dataset (v58),0.6330701152589271,0.3353745656185869,0.6330701152589271,0.7044025157232704,7.047709717732131,334,318
vineyard_object_detection_paper-58,Test: Dataset (v58_aug),0.260973585093692,0.08167461824994136,0.260973585093692,0.36428571428571427,6.926230217879804,867,980
vineyard_object_detection_paper-58,Test: Dataset (v59),0.21519411471383074,0.11038132663284805,0.21519411471383074,0.22613065326633167,8.529024354374057,166,597
vineyard_object_detection_paper-58,Test: Dataset (v59_aug),0.12054371080192232,0.03987090315159332,0.12054371080192232,0.14748603351955308,8.45935953625731,451,1790
vineyard_object_detection_paper-58,Test: Dataset (v60),0.0018001800180018003,0.0012601260126012602,0.0018001800180018003,0.0049382716049382715,7.033152578054398,13,405
vineyard_object_detection_paper-58,Test: Dataset (v60_aug),0.0015001500150015003,0.00074007400740074,0.0015001500150015003,0.004156275976724855,8.033516912257905,33,1203
vineyard_object_detection_paper-58,Test: Dataset (v61),0.5580931798604569,0.3065181536676054,0.5580931798604569,0.6200607902735562,26.396737678656436,311,329
vineyard_object_detection_paper-58,Test: Dataset (v61_aug),0.22732081156812287,0.07725713647749773,0.22732081156812287,0.3293135435992579,25.76115132658164,802,1078
vineyard_object_detection_paper-58,Test: Dataset (v62),0.0,0.0,0.0,0.0,18.39242779397159,5,381
vineyard_object_detection_paper-58,Test: Dataset (v62_aug),0.0,0.0,0.0,0.0,18.280628688091674,60,1443
vineyard_object_detection_paper-58,Test: Dataset (v63),0.009900990099009901,0.0029702970297029703,0.009900990099009901,0.004514672686230248,38.573517539272856,9,443
vineyard_object_detection_paper-58,Test: Dataset (v63_aug),0.0,0.0,0.0,0.0,38.48725367358766,43,1848
vineyard_object_detection_paper-58,Test: Dataset (v64),0.40205995125912247,0.17167183674663253,0.40205995125912247,0.43023255813953487,21.464431631386738,354,602
vineyard_object_detection_paper-58,Test: Dataset (v64_aug),0.17743641835264276,0.055811878823541494,0.17743641835264276,0.2321523003701745,21.617531452760335,923,1891
vineyard_object_detection_paper-58,Test: Dataset (v65),0.3272732670864494,0.14487268417961802,0.3272732670864494,0.35522388059701493,45.18677344260075,343,670
vineyard_object_detection_paper-58,Test: Dataset (v65_aug),0.1298001123045034,0.04224160748618761,0.1298001123045034,0.17397020157756354,45.14873587541333,780,2282
vineyard_object_detection_paper-58,Test: Dataset (v66),0.0,0.0,0.0,0.0,19.473613732335316,1,768
vineyard_object_detection_paper-58,Test: Dataset (v66_aug),0.0,0.0,0.0,0.0,19.348153356776994,1,2939
vineyard_object_detection_paper-58,Test: Dataset (v67),0.11780211578393443,0.05795080893597604,0.11780211578393443,0.13507109004739337,19.16505979394256,91,422
vineyard_object_detection_paper-58,Test: Dataset (v67_aug),0.044855135857037653,0.012469295764779578,0.044855135857037653,0.07395498392282958,20.936979799159108,204,1244
vineyard_object_detection_paper-58,Test: Dataset (v68),0.09536945210957999,0.04854914776609284,0.09536945210957999,0.09772727272727273,32.58592297316838,52,440
vineyard_object_detection_paper-58,Test: Dataset (v68_aug),0.03616533501952336,0.015866370623472858,0.03616533501952336,0.046263345195729534,33.80694773726496,128,1405
vineyard_object_detection_paper-58,Test: Dataset (v69),0.07172505712109672,0.03823168046541893,0.07172505712109672,0.07915057915057915,51.81810681824203,55,518
vineyard_object_detection_paper-58,Test: Dataset (v69_aug),0.0299078183680437,0.013004611435665999,0.0299078183680437,0.034442498540572096,52.880777637289455,127,1713
vineyard_object_detection_paper-59,Test: Dataset (v58),0.0883448564652707,0.03132440010747398,0.0883448564652707,0.1761006289308176,7.099747831357519,192,318
vineyard_object_detection_paper-59,Test: Dataset (v58_aug),0.022136681531744102,0.007100980330092654,0.022136681531744102,0.07448979591836735,6.960444619532866,549,980
vineyard_object_detection_paper-59,Test: Dataset (v59),0.6671929250168168,0.30123740935181037,0.6671929250168168,0.7202680067001676,8.356448074802701,604,597
vineyard_object_detection_paper-59,Test: Dataset (v59_aug),0.253347853043635,0.07385260431110642,0.253347853043635,0.38100558659217876,8.900864424004236,1570,1790
vineyard_object_detection_paper-59,Test: Dataset (v60),0.4164289208949452,0.17934892936994967,0.4164289208949452,0.45925925925925926,6.9220361920007925,247,405
vineyard_object_detection_paper-59,Test: Dataset (v60_aug),0.2305050644810667,0.07409714793383416,0.2305050644810667,0.29842061512884455,7.983875542292502,611,1203
vineyard_object_detection_paper-59,Test: Dataset (v61),0.1313037717268067,0.05452279797324996,0.1313037717268067,0.2188449848024316,26.378453068335663,228,329
vineyard_object_detection_paper-59,Test: Dataset (v61_aug),0.038192033451959775,0.00926181594291362,0.038192033451959775,0.1150278293135436,25.568884410267533,661,1078
vineyard_object_detection_paper-59,Test: Dataset (v62),0.0,0.0,0.0,0.0,18.410366741990146,7,381
vineyard_object_detection_paper-59,Test: Dataset (v62_aug),0.0,0.0,0.0,0.0,18.259906812469694,7,1443
vineyard_object_detection_paper-59,Test: Dataset (v63),0.0,0.0,0.0,0.0,38.205436331183684,4,443
vineyard_object_detection_paper-59,Test: Dataset (v63_aug),0.0,0.0,0.0,0.0,38.48957504805555,9,1848
vineyard_object_detection_paper-59,Test: Dataset (v64),0.2918258815170863,0.10116260480264505,0.2918258815170863,0.4019933554817276,21.486973431599246,572,602
vineyard_object_detection_paper-59,Test: Dataset (v64_aug),0.10923901936537939,0.03230466303256261,0.10923901936537939,0.2004230565838181,21.87314852796468,1562,1891
vineyard_object_detection_paper-59,Test: Dataset (v65),0.13280364140295486,0.05047007832594047,0.13280364140295486,0.21194029850746268,45.64320686950437,450,670
vineyard_object_detection_paper-59,Test: Dataset (v65_aug),0.04817391719979346,0.017587836312887867,0.04817391719979346,0.09114811568799298,45.76029491537513,1031,2282
vineyard_object_detection_paper-59,Test: Dataset (v66),0.0,0.0,0.0,0.0,19.47710362134464,4,768
vineyard_object_detection_paper-59,Test: Dataset (v66_aug),0.0,0.0,0.0,0.0,19.349911689767175,5,2939
vineyard_object_detection_paper-59,Test: Dataset (v67),0.3743435428423774,0.16302696232816508,0.3743435428423774,0.42890995260663506,18.979058861059965,274,422
vineyard_object_detection_paper-59,Test: Dataset (v67_aug),0.16163670154875487,0.04388259088572144,0.16163670154875487,0.23553054662379422,20.97022450613051,632,1244
vineyard_object_detection_paper-59,Test: Dataset (v68),0.06264484207041393,0.022255286652193097,0.06264484207041393,0.08409090909090909,32.56590270755295,73,440
vineyard_object_detection_paper-59,Test: Dataset (v68_aug),0.021726110835021725,0.008871389069408871,0.021726110835021725,0.028469750889679714,33.97900571714789,114,1405
vineyard_object_detection_paper-59,Test: Dataset (v69),0.07618104527939952,0.029694571226648852,0.07618104527939952,0.10810810810810811,52.934189171111186,108,518
vineyard_object_detection_paper-59,Test: Dataset (v69_aug),0.02556215292925857,0.010219985352137322,0.02556215292925857,0.03619381202568593,54.09181917308966,149,1713
vineyard_object_detection_paper-60,Test: Dataset (v58),0.03988846551492201,0.014734499282867394,0.03988846551492201,0.09433962264150944,7.07199502297654,285,318
vineyard_object_detection_paper-60,Test: Dataset (v58_aug),0.005644062287675924,0.0016358331188948158,0.005644062287675924,0.044897959183673466,6.97175359418038,1277,980
vineyard_object_detection_paper-60,Test: Dataset (v59),0.5375499345839971,0.21146388292733279,0.5375499345839971,0.6063651591289783,8.398658213712771,539,597
vineyard_object_detection_paper-60,Test: Dataset (v59_aug),0.1755327668696151,0.046561215214773854,0.1755327668696151,0.31899441340782125,8.382238400131858,1542,1790
vineyard_object_detection_paper-60,Test: Dataset (v60),0.5914540516630442,0.2673015842549953,0.5914540516630442,0.6444444444444445,6.895530691600864,330,405
vineyard_object_detection_paper-60,Test: Dataset (v60_aug),0.31500441920377054,0.0953300229487056,0.31500441920377054,0.4305901911886949,8.153108187700987,922,1203
vineyard_object_detection_paper-60,Test: Dataset (v61),0.07092700852257945,0.02983500845919239,0.07092700852257945,0.12158054711246201,26.98114258317706,272,329
vineyard_object_detection_paper-60,Test: Dataset (v61_aug),0.019080997979706995,0.004005958404257332,0.019080997979706995,0.06493506493506493,25.910674364139926,1190,1078
vineyard_object_detection_paper-60,Test: Dataset (v62),0.0,0.0,0.0,0.0,18.341332638217693,256,381
vineyard_object_detection_paper-60,Test: Dataset (v62_aug),0.0,0.0,0.0,0.0,18.26661440428341,1888,1443
vineyard_object_detection_paper-60,Test: Dataset (v63),0.0,0.0,0.0,0.0,38.61423354710363,263,443
vineyard_object_detection_paper-60,Test: Dataset (v63_aug),0.0,0.0,0.0,0.0,38.42099486298256,2066,1848
vineyard_object_detection_paper-60,Test: Dataset (v64),0.03365011154968091,0.009054906788719345,0.03365011154968091,0.09800664451827243,21.583868267834774,387,602
vineyard_object_detection_paper-60,Test: Dataset (v64_aug),0.00471646847224405,0.001442691021929978,0.00471646847224405,0.03807509254362771,21.622548188392923,1617,1891
vineyard_object_detection_paper-60,Test: Dataset (v65),0.0036399762356718567,0.0013469807941439368,0.0036399762356718567,0.03134328358208955,46.189804163202965,421,670
vineyard_object_detection_paper-60,Test: Dataset (v65_aug),0.0016841476591310824,0.0005602379203539879,0.0016841476591310824,0.015337423312883436,42.46831685463688,1865,2282
vineyard_object_detection_paper-60,Test: Dataset (v66),0.0,0.0,0.0,0.0,19.23391936567771,90,768
vineyard_object_detection_paper-60,Test: Dataset (v66_aug),0.0,0.0,0.0,0.0,19.349824234795893,723,2939
vineyard_object_detection_paper-60,Test: Dataset (v67),0.19789009760037457,0.06561573898530056,0.19789009760037457,0.2985781990521327,18.96359026995085,275,422
vineyard_object_detection_paper-60,Test: Dataset (v67_aug),0.06472955115581551,0.01430155824182332,0.06472955115581551,0.15836012861736334,20.760877826805032,832,1244
vineyard_object_detection_paper-60,Test: Dataset (v68),0.0,0.0,0.0,0.0,32.279549057984944,94,440
vineyard_object_detection_paper-60,Test: Dataset (v68_aug),0.0,0.0,0.0,0.0,33.678081074665634,365,1405
vineyard_object_detection_paper-60,Test: Dataset (v69),0.000825082508250825,0.00024752475247524753,0.000825082508250825,0.005791505791505791,50.91733654431282,108,518
vineyard_object_detection_paper-60,Test: Dataset (v69_aug),0.00019801980198019803,7.02266948006276e-05,0.00019801980198019803,0.002918855808523059,52.8976824449609,487,1713
vineyard_object_detection_paper-61,Test: Dataset (v58),0.65016416826031,0.3371789447769809,0.65016416826031,0.7232704402515723,7.016356807582994,346,318
vineyard_object_detection_paper-61,Test: Dataset (v58_aug),0.2613909867242386,0.0785887039345715,0.2613909867242386,0.373469387755102,6.965509360121822,823,980
vineyard_object_detection_paper-61,Test: Dataset (v59),0.328696100438917,0.15068037364308584,0.328696100438917,0.34003350083752093,8.337200285157827,271,597
vineyard_object_detection_paper-61,Test: Dataset (v59_aug),0.16817951331478181,0.05648426947492908,0.16817951331478181,0.21452513966480447,8.769564284681076,663,1790
vineyard_object_detection_paper-61,Test: Dataset (v60),0.068851015132473,0.03271175958195949,0.068851015132473,0.08888888888888889,6.939107923267036,60,405
vineyard_object_detection_paper-61,Test: Dataset (v60_aug),0.02568167427207837,0.010933594483474106,0.02568167427207837,0.04405652535328346,8.314373943681236,150,1203
vineyard_object_detection_paper-61,Test: Dataset (v61),0.6098301073163167,0.3172602671330001,0.6098301073163167,0.6717325227963525,26.587975237747877,328,329
vineyard_object_detection_paper-61,Test: Dataset (v61_aug),0.23384505489259788,0.07383841032743062,0.23384505489259788,0.3534322820037106,25.863268997477675,858,1078
vineyard_object_detection_paper-61,Test: Dataset (v62),0.0024752475247524753,0.0014851485148514852,0.0024752475247524753,0.005249343832020997,18.44518692308626,16,381
vineyard_object_detection_paper-61,Test: Dataset (v62_aug),0.0006188118811881188,0.00024752475247524753,0.0006188118811881188,0.000693000693000693,18.273693962871274,53,1443
vineyard_object_detection_paper-61,Test: Dataset (v63),0.0024752475247524753,0.0007425742574257426,0.0024752475247524753,0.002257336343115124,38.698946873943356,15,443
vineyard_object_detection_paper-61,Test: Dataset (v63_aug),0.0019801980198019802,0.0005940594059405942,0.0019801980198019802,0.0005411255411255411,38.537466824516834,28,1848
vineyard_object_detection_paper-61,Test: Dataset (v64),0.46164828605602376,0.20621740584977,0.46164828605602376,0.4900332225913621,21.384052870275468,415,602
vineyard_object_detection_paper-61,Test: Dataset (v64_aug),0.19327359399950786,0.0593529122467362,0.19327359399950786,0.2633527234267583,21.648174427545015,1043,1891
vineyard_object_detection_paper-61,Test: Dataset (v65),0.40628668246344235,0.1843126899535037,0.40628668246344235,0.4373134328358209,45.53710663602367,415,670
vineyard_object_detection_paper-61,Test: Dataset (v65_aug),0.14040379561594887,0.0386935655049159,0.14040379561594887,0.19281332164767748,45.36056502279092,899,2282
vineyard_object_detection_paper-61,Test: Dataset (v66),0.0,0.0,0.0,0.0,19.48289566330684,1,768
vineyard_object_detection_paper-61,Test: Dataset (v66_aug),0.0,0.0,0.0,0.0,19.351121742425573,13,2939
vineyard_object_detection_paper-61,Test: Dataset (v67),0.1998325611519686,0.09157380384980615,0.1998325611519686,0.21800947867298578,19.10149625132602,127,422
vineyard_object_detection_paper-61,Test: Dataset (v67_aug),0.06783158378022366,0.01892028216921008,0.06783158378022366,0.10128617363344052,21.000353485335367,277,1244
vineyard_object_detection_paper-61,Test: Dataset (v68),0.15827021309095413,0.07360589885301445,0.15827021309095413,0.17045454545454544,32.365198667135054,101,440
vineyard_object_detection_paper-61,Test: Dataset (v68_aug),0.04770609775995148,0.015841349745157787,0.04770609775995148,0.06832740213523132,33.766473824946345,199,1405
vineyard_object_detection_paper-61,Test: Dataset (v69),0.11102348191188809,0.055210664687360654,0.11102348191188809,0.12934362934362933,51.556479875193176,98,518
vineyard_object_detection_paper-61,Test: Dataset (v69_aug),0.041740263191062645,0.01693977005246336,0.041740263191062645,0.05604203152364273,53.23058319499577,198,1713
vineyard_object_detection_paper-62,Test: Dataset (v58),0.04330891293463712,0.020021170626571726,0.04330891293463712,0.06918238993710692,7.12198104231054,40,318
vineyard_object_detection_paper-62,Test: Dataset (v58_aug),0.033081776952192214,0.012030048287664718,0.033081776952192214,0.05,6.9558411296417955,90,980
vineyard_object_detection_paper-62,Test: Dataset (v59),0.0,0.0,0.0,0.0,8.405766610034936,2,597
vineyard_object_detection_paper-62,Test: Dataset (v59_aug),0.0,0.0,0.0,0.0,8.528865094775353,14,1790
vineyard_object_detection_paper-62,Test: Dataset (v60),0.0,0.0,0.0,0.0,6.978118180856253,2,405
vineyard_object_detection_paper-62,Test: Dataset (v60_aug),0.0,0.0,0.0,0.0,7.994553610052559,8,1203
vineyard_object_detection_paper-62,Test: Dataset (v61),0.014668133480014667,0.0062339567290062336,0.014668133480014667,0.030395136778115502,26.780203234418025,27,329
vineyard_object_detection_paper-62,Test: Dataset (v61_aug),0.0049504950495049506,0.0022544921158782543,0.0049504950495049506,0.017625231910946195,26.226637764969293,77,1078
vineyard_object_detection_paper-62,Test: Dataset (v62),0.3856362490129196,0.1880946943080495,0.3856362490129196,0.45144356955380577,18.341880274306448,283,381
vineyard_object_detection_paper-62,Test: Dataset (v62_aug),0.18173079349765678,0.06291663227498157,0.18173079349765678,0.24255024255024255,18.265760705347397,698,1443
vineyard_object_detection_paper-62,Test: Dataset (v63),0.32343027311728767,0.15450065352225364,0.32343027311728767,0.40857787810383744,38.50609644503496,337,443
vineyard_object_detection_paper-62,Test: Dataset (v63_aug),0.11942227097872979,0.04101279636126825,0.11942227097872979,0.19047619047619047,38.456043867406166,817,1848
vineyard_object_detection_paper-62,Test: Dataset (v64),0.00165016501650165,0.00099009900990099,0.00165016501650165,0.0033222591362126247,21.619248372634065,13,602
vineyard_object_detection_paper-62,Test: Dataset (v64_aug),0.00165016501650165,0.0007772516382072989,0.00165016501650165,0.0031729243786356425,21.88273318664352,40,1891
vineyard_object_detection_paper-62,Test: Dataset (v65),0.030095866729530095,0.012430784208796512,0.030095866729530095,0.05522388059701493,45.74978155116158,75,670
vineyard_object_detection_paper-62,Test: Dataset (v65_aug),0.00915091509150915,0.004039770636835341,0.00915091509150915,0.02673093777388256,45.793424701514226,198,2282
vineyard_object_detection_paper-62,Test: Dataset (v66),0.24368614431993185,0.10956469923538988,0.24368614431993185,0.2734375,19.318813986015186,300,768
vineyard_object_detection_paper-62,Test: Dataset (v66_aug),0.10485982830143063,0.04004750188056009,0.10485982830143063,0.1296359305886356,19.354898810563945,618,2939
vineyard_object_detection_paper-62,Test: Dataset (v67),0.0,0.0,0.0,0.0,19.08044587870177,13,422
vineyard_object_detection_paper-62,Test: Dataset (v67_aug),0.0,0.0,0.0,0.0,21.01601908529989,33,1244
vineyard_object_detection_paper-62,Test: Dataset (v68),0.00165016501650165,0.0007132971361652294,0.00165016501650165,0.00909090909090909,32.689237240817356,32,440
vineyard_object_detection_paper-62,Test: Dataset (v68_aug),0.0009210223347916187,0.0001611789085885333,0.0009210223347916187,0.0056939501779359435,34.13175431687623,92,1405
vineyard_object_detection_paper-62,Test: Dataset (v69),0.0017733116595241613,0.0008048864587951332,0.0017733116595241613,0.011583011583011582,51.79951147651458,69,518
vineyard_object_detection_paper-62,Test: Dataset (v69_aug),0.0003143171460003143,0.00012572685840012572,0.0003143171460003143,0.002335084646818447,53.20929620945346,150,1713
vineyard_object_detection_paper-63,Test: Dataset (v58),0.100559247299393,0.04171552993785847,0.100559247299393,0.12578616352201258,7.125681422576639,56,318
vineyard_object_detection_paper-63,Test: Dataset (v58_aug),0.04265041888804265,0.018490533647510566,0.04265041888804265,0.05918367346938776,6.982166100283621,83,980
vineyard_object_detection_paper-63,Test: Dataset (v59),0.0,0.0,0.0,0.0,8.440905673253239,1,597
vineyard_object_detection_paper-63,Test: Dataset (v59_aug),0.0,0.0,0.0,0.0,8.535785688140592,0,1790
vineyard_object_detection_paper-63,Test: Dataset (v60),0.0,0.0,0.0,0.0,7.077449198149715,1,405
vineyard_object_detection_paper-63,Test: Dataset (v60_aug),0.0,0.0,0.0,0.0,8.045184462329672,3,1203
vineyard_object_detection_paper-63,Test: Dataset (v61),0.039473684210526314,0.018810499470999727,0.039473684210526314,0.04559270516717325,26.785876261722567,21,329
vineyard_object_detection_paper-63,Test: Dataset (v61_aug),0.010483401281304601,0.004280259958768986,0.010483401281304601,0.016697588126159554,26.126902424298585,35,1078
vineyard_object_detection_paper-63,Test: Dataset (v62),0.46504900632325863,0.22951437590035023,0.46504900632325863,0.5616797900262467,18.341896169568543,373,381
vineyard_object_detection_paper-63,Test: Dataset (v62_aug),0.20384556930687758,0.07081386534775216,0.20384556930687758,0.29036729036729036,18.27329440172203,922,1443
vineyard_object_detection_paper-63,Test: Dataset (v63),0.4270566159046024,0.21155143576402688,0.4270566159046024,0.510158013544018,38.607146119576875,418,443
vineyard_object_detection_paper-63,Test: Dataset (v63_aug),0.13944292132811525,0.04859055840899592,0.13944292132811525,0.21482683982683984,37.85244346295139,924,1848
vineyard_object_detection_paper-63,Test: Dataset (v64),0.0,0.0,0.0,0.0,21.435798654535972,5,602
vineyard_object_detection_paper-63,Test: Dataset (v64_aug),0.0014144271570014143,0.00099009900990099,0.0014144271570014143,0.0010576414595452142,21.53663820224657,14,1891
vineyard_object_detection_paper-63,Test: Dataset (v65),0.027399614961496146,0.013843643703450804,0.027399614961496146,0.034328358208955224,43.96555851433666,37,670
vineyard_object_detection_paper-63,Test: Dataset (v65_aug),0.01375137513751375,0.005707628902425126,0.01375137513751375,0.012708150744960562,43.93163034282115,46,2282
vineyard_object_detection_paper-63,Test: Dataset (v66),0.2908624288044985,0.13369898446184325,0.2908624288044985,0.3111979166666667,19.395395021039114,337,768
vineyard_object_detection_paper-63,Test: Dataset (v66_aug),0.11581710348848082,0.03950532304933935,0.11581710348848082,0.14120449132357946,19.354875975106886,706,2939
vineyard_object_detection_paper-63,Test: Dataset (v67),0.0,0.0,0.0,0.0,19.23861902658145,3,422
vineyard_object_detection_paper-63,Test: Dataset (v67_aug),0.0,0.0,0.0,0.0,21.237816855981656,15,1244
vineyard_object_detection_paper-63,Test: Dataset (v68),0.0007072135785007071,0.0002828854314002829,0.0007072135785007071,0.0022727272727272726,32.56841456415952,15,440
vineyard_object_detection_paper-63,Test: Dataset (v68_aug),0.0,0.0,0.0,0.0,33.969767896488804,33,1405
vineyard_object_detection_paper-63,Test: Dataset (v69),0.0,0.0,0.0,0.0,52.13940698036749,13,518
vineyard_object_detection_paper-63,Test: Dataset (v69_aug),0.0,0.0,0.0,0.0,54.21448586322513,40,1713
vineyard_object_detection_paper-64,Test: Dataset (v58),0.49022915142808504,0.23655969845455493,0.49022915142808504,0.5723270440251572,7.1008489522945855,275,318
vineyard_object_detection_paper-64,Test: Dataset (v58_aug),0.27581549886653633,0.09467426002693058,0.27581549886653633,0.3673469387755102,6.97232788057187,650,980
vineyard_object_detection_paper-64,Test: Dataset (v59),0.5806876595690758,0.2568507887444925,0.5806876595690758,0.6180904522613065,8.482152460751019,473,597
vineyard_object_detection_paper-64,Test: Dataset (v59_aug),0.30282114351449324,0.09617907905771286,0.30282114351449324,0.38212290502793295,8.516201206209558,1111,1790
vineyard_object_detection_paper-64,Test: Dataset (v60),0.06991582768512117,0.03696326756920385,0.06991582768512117,0.08395061728395062,7.055145122372833,50,405
vineyard_object_detection_paper-64,Test: Dataset (v60_aug),0.02140754616002141,0.006171789435047268,0.02140754616002141,0.034912718204488775,8.073225128105522,78,1203
vineyard_object_detection_paper-64,Test: Dataset (v61),0.5135129881995922,0.25213232593113355,0.5135129881995922,0.5714285714285714,26.89519697301213,300,329
vineyard_object_detection_paper-64,Test: Dataset (v61_aug),0.26187638713311145,0.08858589589230913,0.26187638713311145,0.36178107606679033,26.284699216060087,745,1078
vineyard_object_detection_paper-64,Test: Dataset (v62),0.0,0.0,0.0,0.0,18.47392366814349,10,381
vineyard_object_detection_paper-64,Test: Dataset (v62_aug),0.0014144271570014143,0.0002828854314002829,0.0014144271570014143,0.000693000693000693,18.295222320869556,19,1443
vineyard_object_detection_paper-64,Test: Dataset (v63),0.0006600660066006601,0.000132013201320132,0.0006600660066006601,0.002257336343115124,38.72721304188542,15,443
vineyard_object_detection_paper-64,Test: Dataset (v63_aug),0.0027002700270027003,0.00117011701170117,0.0027002700270027003,0.0016233766233766235,38.53613161868551,25,1848
vineyard_object_detection_paper-64,Test: Dataset (v64),0.7121835162768246,0.3236081915123472,0.7121835162768246,0.7508305647840532,21.475701050158406,605,602
vineyard_object_detection_paper-64,Test: Dataset (v64_aug),0.3731053410890055,0.12276399751496268,0.3731053410890055,0.461660497091486,21.666906852903693,1472,1891
vineyard_object_detection_paper-64,Test: Dataset (v65),0.6466692443105966,0.29113092132466,0.6466692443105966,0.6850746268656717,45.668173583925366,603,670
vineyard_object_detection_paper-64,Test: Dataset (v65_aug),0.304686587489301,0.09474331617828585,0.304686587489301,0.37423312883435583,45.93894056947399,1419,2282
vineyard_object_detection_paper-64,Test: Dataset (v66),0.0,0.0,0.0,0.0,19.537198579525896,4,768
vineyard_object_detection_paper-64,Test: Dataset (v66_aug),0.0024752475247524753,0.0004950495049504951,0.0024752475247524753,0.0003402517863218782,19.37672627067489,14,2939
vineyard_object_detection_paper-64,Test: Dataset (v67),0.3806431856137491,0.17142711355781098,0.3806431856137491,0.4099526066350711,19.119571243313402,218,422
vineyard_object_detection_paper-64,Test: Dataset (v67_aug),0.18818266863408467,0.05509002116057312,0.18818266863408467,0.24035369774919615,21.205553322110024,453,1244
vineyard_object_detection_paper-64,Test: Dataset (v68),0.33735516931971765,0.151064600930767,0.33735516931971765,0.3568181818181818,32.514738552399244,193,440
vineyard_object_detection_paper-64,Test: Dataset (v68_aug),0.17138777440296252,0.06243484616911363,0.17138777440296252,0.2,33.753424941705774,404,1405
vineyard_object_detection_paper-64,Test: Dataset (v69),0.2625692819203214,0.11786634501231305,0.2625692819203214,0.28957528957528955,52.213766305764096,194,518
vineyard_object_detection_paper-64,Test: Dataset (v69_aug),0.14794153152518094,0.05246055466971149,0.14794153152518094,0.1634559252772913,53.75241123631197,383,1713
vineyard_object_detection_paper-65,Test: Dataset (v58),0.5110739660828636,0.26411917015694375,0.5110739660828636,0.5943396226415094,7.129771981082519,318,318
vineyard_object_detection_paper-65,Test: Dataset (v58_aug),0.26420791747232675,0.08228947788866937,0.26420791747232675,0.3438775510204082,6.975244680081831,705,980
vineyard_object_detection_paper-65,Test: Dataset (v59),0.47172181030772564,0.2223796629760215,0.47172181030772564,0.5058626465661642,8.380767386588843,393,597
vineyard_object_detection_paper-65,Test: Dataset (v59_aug),0.26218117791935897,0.08438249580742226,0.26218117791935897,0.3167597765363129,8.460147553528609,865,1790
vineyard_object_detection_paper-65,Test: Dataset (v60),0.061966135823308774,0.02757236458757617,0.061966135823308774,0.08395061728395062,6.973876296325363,57,405
vineyard_object_detection_paper-65,Test: Dataset (v60_aug),0.026090521140026093,0.010461588255434678,0.026090521140026093,0.04738154613466334,8.044226442988625,109,1203
vineyard_object_detection_paper-65,Test: Dataset (v61),0.4831083618138887,0.2494221101076712,0.4831083618138887,0.5623100303951368,26.48170067540351,310,329
vineyard_object_detection_paper-65,Test: Dataset (v61_aug),0.23167635133015257,0.07732580284066402,0.23167635133015257,0.33116883116883117,25.742237270507296,765,1078
vineyard_object_detection_paper-65,Test: Dataset (v62),0.011341134113411342,0.004567693704229144,0.011341134113411342,0.04461942257217848,18.409822276245308,122,381
vineyard_object_detection_paper-65,Test: Dataset (v62_aug),0.0010362286926626778,0.00020896447303615242,0.0010362286926626778,0.011088011088011088,18.279036580787913,476,1443
vineyard_object_detection_paper-65,Test: Dataset (v63),0.012431812257684015,0.004991449836023529,0.012431812257684015,0.04288939051918736,38.50037123536038,125,443
vineyard_object_detection_paper-65,Test: Dataset (v63_aug),0.0031353135313531354,0.000998984513835999,0.0031353135313531354,0.010822510822510822,38.42311357695551,476,1848
vineyard_object_detection_paper-65,Test: Dataset (v64),0.7173863680329781,0.35767357066808225,0.7173863680329781,0.7574750830564784,21.37497085102513,624,602
vineyard_object_detection_paper-65,Test: Dataset (v64_aug),0.36301272705739274,0.11961948693786374,0.36301272705739274,0.45690111052353255,21.515022729904896,1505,1891
vineyard_object_detection_paper-65,Test: Dataset (v65),0.6392059417833362,0.32367562983478687,0.6392059417833362,0.6805970149253732,44.95761388267489,634,670
vineyard_object_detection_paper-65,Test: Dataset (v65_aug),0.2934309999584588,0.09396130063431375,0.2934309999584588,0.37949167397020156,45.159955074229124,1440,2282
vineyard_object_detection_paper-65,Test: Dataset (v66),0.018861203079090946,0.005474238018456567,0.018861203079090946,0.048177083333333336,19.430606967107504,204,768
vineyard_object_detection_paper-65,Test: Dataset (v66_aug),0.010586970937278482,0.0023967306132576627,0.010586970937278482,0.012249064307587616,19.346227827322238,566,2939
vineyard_object_detection_paper-65,Test: Dataset (v67),0.31562240988739665,0.1437973497660964,0.31562240988739665,0.33649289099526064,18.95085364531248,177,422
vineyard_object_detection_paper-65,Test: Dataset (v67_aug),0.13387359146645983,0.038231599276981026,0.13387359146645983,0.18810289389067525,20.91414726551388,413,1244
vineyard_object_detection_paper-65,Test: Dataset (v68),0.3381083012899598,0.14905790343116912,0.3381083012899598,0.37727272727272726,32.27432780557115,243,440
vineyard_object_detection_paper-65,Test: Dataset (v68_aug),0.15861254737057603,0.05487435231212697,0.15861254737057603,0.20782918149466192,33.6955275287898,509,1405
vineyard_object_detection_paper-65,Test: Dataset (v69),0.2812857590608605,0.12849953624262084,0.2812857590608605,0.31467181467181465,51.271931935397106,265,518
vineyard_object_detection_paper-65,Test: Dataset (v69_aug),0.11260840618096733,0.038019190396793544,0.11260840618096733,0.15528312901342672,52.68759814847642,485,1713
vineyard_object_detection_paper-66,Test: Dataset (v58),0.0009900990099009901,9.900990099009902e-05,0.0009900990099009901,0.0031446540880503146,7.082069184553203,12,318
vineyard_object_detection_paper-66,Test: Dataset (v58_aug),0.0029702970297029703,0.0009983498349834983,0.0029702970297029703,0.007142857142857143,6.97006699243403,24,980
vineyard_object_detection_paper-66,Test: Dataset (v59),0.0,0.0,0.0,0.0,8.459305967420624,0,597
vineyard_object_detection_paper-66,Test: Dataset (v59_aug),0.0,0.0,0.0,0.0,8.534692009902047,0,1790
vineyard_object_detection_paper-66,Test: Dataset (v60),0.0,0.0,0.0,0.0,7.0389030355376745,0,405
vineyard_object_detection_paper-66,Test: Dataset (v60_aug),0.0,0.0,0.0,0.0,8.569187049983437,2,1203
vineyard_object_detection_paper-66,Test: Dataset (v61),0.0,0.0,0.0,0.0,26.458165003060785,4,329
vineyard_object_detection_paper-66,Test: Dataset (v61_aug),0.0019801980198019802,0.00039603960396039607,0.0019801980198019802,0.0009276437847866419,26.022621346630125,6,1078
vineyard_object_detection_paper-66,Test: Dataset (v62),0.4282197177041529,0.1706642647989391,0.4282197177041529,0.5013123359580053,18.308983762500333,331,381
vineyard_object_detection_paper-66,Test: Dataset (v62_aug),0.29313274153702623,0.11293412056570541,0.29313274153702623,0.35135135135135137,18.274503333044063,825,1443
vineyard_object_detection_paper-66,Test: Dataset (v63),0.3731437953204841,0.14610453577910368,0.3731437953204841,0.44243792325056436,37.96529234247835,337,443
vineyard_object_detection_paper-66,Test: Dataset (v63_aug),0.208114052790648,0.07712613420070963,0.208114052790648,0.2662337662337662,37.59712673270423,797,1848
vineyard_object_detection_paper-66,Test: Dataset (v64),0.0033003300330033,0.0006600660066006601,0.0033003300330033,0.0016611295681063123,21.359379634946077,3,602
vineyard_object_detection_paper-66,Test: Dataset (v64_aug),0.0049504950495049506,0.000825082508250825,0.0049504950495049506,0.0010576414595452142,21.621056345588126,11,1891
vineyard_object_detection_paper-66,Test: Dataset (v65),0.009900990099009901,0.0013201320132013201,0.009900990099009901,0.005970149253731343,45.28047285540525,18,670
vineyard_object_detection_paper-66,Test: Dataset (v65_aug),0.004455445544554456,0.002090856144437973,0.004455445544554456,0.007011393514460999,46.015239654699556,38,2282
vineyard_object_detection_paper-66,Test: Dataset (v66),0.5619118183548407,0.2527272676532802,0.5619118183548407,0.609375,19.241613038517396,675,768
vineyard_object_detection_paper-66,Test: Dataset (v66_aug),0.29957566379244716,0.11041078739768977,0.29957566379244716,0.34841782919360326,19.350595838893078,1488,2939
vineyard_object_detection_paper-66,Test: Dataset (v67),0.0,0.0,0.0,0.0,19.258033279301902,4,422
vineyard_object_detection_paper-66,Test: Dataset (v67_aug),0.0,0.0,0.0,0.0,21.290595651570303,15,1244
vineyard_object_detection_paper-66,Test: Dataset (v68),0.0019801980198019802,0.001188118811881188,0.0019801980198019802,0.0022727272727272726,32.55859060656227,11,440
vineyard_object_detection_paper-66,Test: Dataset (v68_aug),0.001188118811881188,0.000594059405940594,0.001188118811881188,0.002135231316725979,33.81025958315323,27,1405
vineyard_object_detection_paper-66,Test: Dataset (v69),0.0,0.0,0.0,0.0,52.25281566169679,10,518
vineyard_object_detection_paper-66,Test: Dataset (v69_aug),0.0007920792079207921,0.00015841584158415842,0.0007920792079207921,0.0011675423234092236,53.07271661011154,26,1713
vineyard_object_detection_paper-67,Test: Dataset (v58),0.1255097954490961,0.05959151200441814,0.1255097954490961,0.20754716981132076,7.088505836152766,152,318
vineyard_object_detection_paper-67,Test: Dataset (v58_aug),0.07532996154013491,0.027363219874855228,0.07532996154013491,0.14795918367346939,6.944347270430835,531,980
vineyard_object_detection_paper-67,Test: Dataset (v59),0.665010769400003,0.27778728513073087,0.665010769400003,0.7035175879396985,8.376447559807046,506,597
vineyard_object_detection_paper-67,Test: Dataset (v59_aug),0.4669385039159767,0.15741051728217076,0.4669385039159767,0.5424581005586592,8.442348358532847,1392,1790
vineyard_object_detection_paper-67,Test: Dataset (v60),0.25366649623173504,0.09431880757460312,0.25366649623173504,0.2839506172839506,6.9362482500775595,151,405
vineyard_object_detection_paper-67,Test: Dataset (v60_aug),0.20580213910960396,0.08052666641027496,0.20580213910960396,0.24189526184538654,7.995751497871512,385,1203
vineyard_object_detection_paper-67,Test: Dataset (v61),0.16290716194745247,0.07180933636742703,0.16290716194745247,0.24924012158054712,26.622942444448796,186,329
vineyard_object_detection_paper-67,Test: Dataset (v61_aug),0.13232638079540932,0.041661651205657665,0.13232638079540932,0.21985157699443414,25.878956518511263,635,1078
vineyard_object_detection_paper-67,Test: Dataset (v62),0.0,0.0,0.0,0.0,18.474495996930056,23,381
vineyard_object_detection_paper-67,Test: Dataset (v62_aug),0.0,0.0,0.0,0.0,18.28050063401592,55,1443
vineyard_object_detection_paper-67,Test: Dataset (v63),0.0,0.0,0.0,0.0,38.67557565361772,10,443
vineyard_object_detection_paper-67,Test: Dataset (v63_aug),0.0,0.0,0.0,0.0,38.539253720640495,60,1848
vineyard_object_detection_paper-67,Test: Dataset (v64),0.49998470948234924,0.20137376923977532,0.49998470948234924,0.5564784053156147,21.431176389702543,489,602
vineyard_object_detection_paper-67,Test: Dataset (v64_aug),0.25025798883812356,0.07485885890477005,0.25025798883812356,0.36277102062400846,21.559850950437816,1408,1891
vineyard_object_detection_paper-67,Test: Dataset (v65),0.29800920722251023,0.10513657646364336,0.29800920722251023,0.36716417910447763,45.373679901951185,414,670
vineyard_object_detection_paper-67,Test: Dataset (v65_aug),0.12935965533161525,0.04199709194705983,0.12935965533161525,0.2077125328659071,45.29676762145599,1105,2282
vineyard_object_detection_paper-67,Test: Dataset (v66),0.0,0.0,0.0,0.0,19.377749823647672,1,768
vineyard_object_detection_paper-67,Test: Dataset (v66_aug),0.0,0.0,0.0,0.0,19.362005655590902,21,2939
vineyard_object_detection_paper-67,Test: Dataset (v67),0.5033729379225197,0.2318301101170455,0.5033729379225197,0.566350710900474,18.837846595858444,312,422
vineyard_object_detection_paper-67,Test: Dataset (v67_aug),0.2583892860620032,0.07949550220899963,0.2583892860620032,0.3512861736334405,20.79852824135255,722,1244
vineyard_object_detection_paper-67,Test: Dataset (v68),0.19168921353367693,0.077929607296741,0.19168921353367693,0.22727272727272727,32.250436140348306,140,440
vineyard_object_detection_paper-67,Test: Dataset (v68_aug),0.08651578911760313,0.030780416658748613,0.08651578911760313,0.1103202846975089,33.67418488460184,293,1405
vineyard_object_detection_paper-67,Test: Dataset (v69),0.2033341976370501,0.08505918090266258,0.2033341976370501,0.23166023166023167,51.5736045787418,166,518
vineyard_object_detection_paper-67,Test: Dataset (v69_aug),0.09598361980750438,0.026613706872471134,0.09598361980750438,0.12492702860478692,52.865089546968434,380,1713
vineyard_object_detection_paper-68,Test: Dataset (v58),0.22165167728949192,0.09401200146775548,0.22165167728949192,0.31446540880503143,7.057544445242905,184,318
vineyard_object_detection_paper-68,Test: Dataset (v58_aug),0.18197029767786288,0.06548368827666674,0.18197029767786288,0.2602040816326531,6.933824064255215,497,980
vineyard_object_detection_paper-68,Test: Dataset (v59),0.26748113438592314,0.09266938513401704,0.26748113438592314,0.2964824120603015,8.329467704527826,250,597
vineyard_object_detection_paper-68,Test: Dataset (v59_aug),0.17547219062743113,0.06342502306505021,0.17547219062743113,0.20279329608938548,8.453315310933425,491,1790
vineyard_object_detection_paper-68,Test: Dataset (v60),0.0024752475247524753,0.0022277227722772275,0.0024752475247524753,0.0024691358024691358,7.005182524054561,6,405
vineyard_object_detection_paper-68,Test: Dataset (v60_aug),0.000825082508250825,0.000495049504950495,0.000825082508250825,0.0008312551953449709,8.047832031196702,14,1203
vineyard_object_detection_paper-68,Test: Dataset (v61),0.33323425814307883,0.1310843502032006,0.33323425814307883,0.41641337386018235,26.441198777917002,221,329
vineyard_object_detection_paper-68,Test: Dataset (v61_aug),0.239617687198251,0.08436564661617478,0.239617687198251,0.31910946196660483,26.011201695111527,612,1078
vineyard_object_detection_paper-68,Test: Dataset (v62),0.022539823641806907,0.010571579249919685,0.022539823641806907,0.05249343832020997,18.39803399532477,91,381
vineyard_object_detection_paper-68,Test: Dataset (v62_aug),0.011038265988761037,0.002611936712213018,0.011038265988761037,0.015246015246015246,18.282093077363147,242,1443
vineyard_object_detection_paper-68,Test: Dataset (v63),0.014814792290039817,0.006023632614773749,0.014814792290039817,0.04740406320541761,38.58150099603247,99,443
vineyard_object_detection_paper-68,Test: Dataset (v63_aug),0.005859281580331946,0.000944249704473553,0.005859281580331946,0.011363636363636364,38.520652290783104,256,1848
vineyard_object_detection_paper-68,Test: Dataset (v64),0.6436824335956073,0.28226988382570156,0.6436824335956073,0.7026578073089701,21.423000227660754,641,602
vineyard_object_detection_paper-68,Test: Dataset (v64_aug),0.3870637270364073,0.13698854714869574,0.3870637270364073,0.47540983606557374,21.635032421535243,1567,1891
vineyard_object_detection_paper-68,Test: Dataset (v65),0.5664992971064643,0.2469637434328053,0.5664992971064643,0.6373134328358209,45.272629206296386,667,670
vineyard_object_detection_paper-68,Test: Dataset (v65_aug),0.280040997659821,0.09507317650887726,0.280040997659821,0.36064855390008765,44.87048062035033,1581,2282
vineyard_object_detection_paper-68,Test: Dataset (v66),0.00869873183867524,0.002659005068145508,0.00869873183867524,0.026041666666666668,19.45060075302067,82,768
vineyard_object_detection_paper-68,Test: Dataset (v66_aug),0.0014688282015014689,0.0005994766572236681,0.0014688282015014689,0.00952705001701259,19.345904344419203,214,2939
vineyard_object_detection_paper-68,Test: Dataset (v67),0.27615891771832707,0.11347696810924421,0.27615891771832707,0.3033175355450237,19.033013880598958,177,422
vineyard_object_detection_paper-68,Test: Dataset (v67_aug),0.17027043492699234,0.052531449882182134,0.17027043492699234,0.21382636655948553,20.9895541082812,396,1244
vineyard_object_detection_paper-68,Test: Dataset (v68),0.39510818241828305,0.1749786665434971,0.39510818241828305,0.4318181818181818,32.165468116696175,262,440
vineyard_object_detection_paper-68,Test: Dataset (v68_aug),0.21241668256297982,0.07639403368965163,0.21241668256297982,0.2512455516014235,33.566408494550856,539,1405
vineyard_object_detection_paper-68,Test: Dataset (v69),0.28956214512406075,0.13017829777407428,0.28956214512406075,0.3281853281853282,51.40958008406531,247,518
vineyard_object_detection_paper-68,Test: Dataset (v69_aug),0.15987127512962104,0.058159879002956716,0.15987127512962104,0.18914185639229422,52.78493908798601,486,1713
vineyard_object_detection_paper-69,Test: Dataset (v58),0.43358844453375284,0.18068653301814264,0.43358844453375284,0.550314465408805,7.020573557176536,430,318
vineyard_object_detection_paper-69,Test: Dataset (v58_aug),0.3218617288449467,0.12046114979163451,0.3218617288449467,0.4163265306122449,6.9115412773968785,986,980
vineyard_object_detection_paper-69,Test: Dataset (v59),0.33884609923900216,0.11339083212674439,0.33884609923900216,0.4137353433835846,8.356097390121851,449,597
vineyard_object_detection_paper-69,Test: Dataset (v59_aug),0.28436923555860605,0.11155232338042982,0.28436923555860605,0.35921787709497205,8.455744978533756,1097,1790
vineyard_object_detection_paper-69,Test: Dataset (v60),0.006951759005687803,0.0020197608759319106,0.006951759005687803,0.027160493827160494,6.993067683453852,51,405
vineyard_object_detection_paper-69,Test: Dataset (v60_aug),0.0030679124250453213,0.0006809965951305141,0.0030679124250453213,0.01828761429758936,8.011395195854291,155,1203
vineyard_object_detection_paper-69,Test: Dataset (v61),0.3991620575455217,0.158801534647392,0.3991620575455217,0.5075987841945289,26.666843032969552,369,329
vineyard_object_detection_paper-69,Test: Dataset (v61_aug),0.2934395214504383,0.10346635884862945,0.2934395214504383,0.39332096474953615,25.773327414803198,1014,1078
vineyard_object_detection_paper-69,Test: Dataset (v62),0.012426060469924644,0.004106599813863017,0.012426060469924644,0.06036745406824147,18.426395102750234,168,381
vineyard_object_detection_paper-69,Test: Dataset (v62_aug),0.0064693342484922894,0.002670259403601677,0.0064693342484922894,0.020097020097020097,18.197307426272285,525,1443
vineyard_object_detection_paper-69,Test: Dataset (v63),0.014080712884122638,0.005863154454602951,0.014080712884122638,0.05417607223476298,37.80518259540603,154,443
vineyard_object_detection_paper-69,Test: Dataset (v63_aug),0.004955470421414001,0.0012068195420060503,0.004955470421414001,0.017857142857142856,37.91500980950268,477,1848
vineyard_object_detection_paper-69,Test: Dataset (v64),0.6845514191743807,0.3103024084861335,0.6845514191743807,0.7624584717607974,21.445780463716915,778,602
vineyard_object_detection_paper-69,Test: Dataset (v64_aug),0.47017300527651895,0.17472727330234103,0.47017300527651895,0.5780010576414596,21.586673460632102,1996,1891
vineyard_object_detection_paper-69,Test: Dataset (v65),0.6216475070905276,0.29181931572367265,0.6216475070905276,0.6865671641791045,45.23105893836696,801,670
vineyard_object_detection_paper-69,Test: Dataset (v65_aug),0.3354824820129341,0.11962542412359999,0.3354824820129341,0.4333917616126205,45.51084362297133,2004,2282
vineyard_object_detection_paper-69,Test: Dataset (v66),0.00917001514475055,0.0026127060644098804,0.00917001514475055,0.026041666666666668,19.528760055520443,124,768
vineyard_object_detection_paper-69,Test: Dataset (v66_aug),0.0049504950495049506,0.0022277227722772275,0.0049504950495049506,0.006464783940115686,19.354958567155176,279,2939
vineyard_object_detection_paper-69,Test: Dataset (v67),0.3161338979506051,0.12897452919531366,0.3161338979506051,0.36492890995260663,18.96923790105264,246,422
vineyard_object_detection_paper-69,Test: Dataset (v67_aug),0.22081501628475786,0.0672549223767736,0.22081501628475786,0.2934083601286174,20.784049604570903,646,1244
vineyard_object_detection_paper-69,Test: Dataset (v68),0.4059986234301979,0.17942753527769204,0.4059986234301979,0.4590909090909091,32.24483593406253,294,440
vineyard_object_detection_paper-69,Test: Dataset (v68_aug),0.22548652664305413,0.07882374468209659,0.22548652664305413,0.296085409252669,33.5333927767786,752,1405
vineyard_object_detection_paper-69,Test: Dataset (v69),0.31811642477552876,0.14141393187562504,0.31811642477552876,0.37258687258687256,51.6911623273697,309,518
vineyard_object_detection_paper-69,Test: Dataset (v69_aug),0.18653582497511717,0.06501034946596249,0.18653582497511717,0.22183304144775248,53.19990470517121,672,1713
vineyard_object_detection_paper-70_img1536,Test: Dataset (v58),0.5899661316324812,0.27002822130575194,0.5899661316324812,0.6666666666666666,7.052571590179462,335,318
vineyard_object_detection_paper-70_img1536,Test: Dataset (v58_aug),0.3636705843702888,0.130356296537692,0.3636705843702888,0.4663265306122449,6.949796772426515,823,980
vineyard_object_detection_paper-70_img1536,Test: Dataset (v59),0.4946881078279583,0.21726197284627805,0.4946881078279583,0.5544388609715243,8.341844695006849,452,597
vineyard_object_detection_paper-70_img1536,Test: Dataset (v59_aug),0.3900903997142406,0.13237151238230246,0.3900903997142406,0.4491620111731844,8.43918247794406,1065,1790
vineyard_object_detection_paper-70_img1536,Test: Dataset (v60),0.12951941773161624,0.05782488228461578,0.12951941773161624,0.1506172839506173,6.9757065426187435,87,405
vineyard_object_detection_paper-70_img1536,Test: Dataset (v60_aug),0.10747139659199033,0.03907887341429614,0.10747139659199033,0.12219451371571072,8.007268085312184,184,1203
vineyard_object_detection_paper-70_img1536,Test: Dataset (v61),0.5280908447319271,0.24808862190075917,0.5280908447319271,0.601823708206687,26.42263127924918,309,329
vineyard_object_detection_paper-70_img1536,Test: Dataset (v61_aug),0.33989124774695034,0.12115287716951474,0.33989124774695034,0.43042671614100186,25.89634407592823,810,1078
vineyard_object_detection_paper-70_img1536,Test: Dataset (v62),0.0066006600660066,0.002706270627062706,0.0066006600660066,0.007874015748031496,18.397510187017005,32,381
vineyard_object_detection_paper-70_img1536,Test: Dataset (v62_aug),0.0012376237623762376,0.00024752475247524753,0.0012376237623762376,0.002079002079002079,18.29051515527982,53,1443
vineyard_object_detection_paper-70_img1536,Test: Dataset (v63),0.0099009900990099,0.0034828188701223053,0.0099009900990099,0.009029345372460496,38.50775627912974,26,443
vineyard_object_detection_paper-70_img1536,Test: Dataset (v63_aug),0.0009581603321622484,0.00025550942190993294,0.0009581603321622484,0.0016233766233766235,38.408050547323946,50,1848
vineyard_object_detection_paper-70_img1536,Test: Dataset (v64),0.6149937299843664,0.26932617065490355,0.6149937299843664,0.6428571428571429,21.426147426122462,494,602
vineyard_object_detection_paper-70_img1536,Test: Dataset (v64_aug),0.33061936245704493,0.10923065095694892,0.33061936245704493,0.4167107350608144,21.61662397967827,1311,1891
vineyard_object_detection_paper-70_img1536,Test: Dataset (v65),0.5211887688550043,0.22328271400425187,0.5211887688550043,0.5686567164179105,45.15357086185047,504,670
vineyard_object_detection_paper-70_img1536,Test: Dataset (v65_aug),0.23427261257032114,0.07214534671051591,0.23427261257032114,0.3128834355828221,45.301827059376684,1265,2282
vineyard_object_detection_paper-70_img1536,Test: Dataset (v66),0.0,0.0,0.0,0.0,19.429481446843095,3,768
vineyard_object_detection_paper-70_img1536,Test: Dataset (v66_aug),0.0,0.0,0.0,0.0,19.34610474422752,5,2939
vineyard_object_detection_paper-70_img1536,Test: Dataset (v67),0.37818028273927634,0.16228535148974332,0.37818028273927634,0.41232227488151657,18.9159760538274,223,422
vineyard_object_detection_paper-70_img1536,Test: Dataset (v67_aug),0.1850259787376506,0.052085719694900744,0.1850259787376506,0.2315112540192926,20.8306124791411,437,1244
vineyard_object_detection_paper-70_img1536,Test: Dataset (v68),0.26167169473039675,0.11418947262118889,0.26167169473039675,0.2818181818181818,32.37513844453328,164,440
vineyard_object_detection_paper-70_img1536,Test: Dataset (v68_aug),0.0975586640436626,0.03597576558977693,0.0975586640436626,0.12740213523131672,33.61995767105597,329,1405
vineyard_object_detection_paper-70_img1536,Test: Dataset (v69),0.20051482870969717,0.09156788655057906,0.20051482870969717,0.22972972972972974,51.300961425798626,167,518
vineyard_object_detection_paper-70_img1536,Test: Dataset (v69_aug),0.08816001909375061,0.02980350776449879,0.08816001909375061,0.11208406304728546,53.3029766312318,331,1713
